-- mission
insert into mission (MISSION_NAME, MISSION_START_DATE, MISSION_FINISH_DATE, IMAGERY_TYPE) values ('Cardify', '2016-09-07T18:46:25Z', '2019-06-04T11:25:59Z', 'Panchromatic');
insert into mission (MISSION_NAME, MISSION_START_DATE, MISSION_FINISH_DATE, IMAGERY_TYPE) values ('Zaam-Dox', '2016-09-10T01:00:55Z', '2018-12-25T05:59:38Z', 'Multispectral');
insert into mission (MISSION_NAME, MISSION_START_DATE, MISSION_FINISH_DATE, IMAGERY_TYPE) values ('Ronstring', '2017-01-18T21:00:44Z', '2018-12-17T09:11:42Z', 'Multispectral');
insert into mission (MISSION_NAME, MISSION_START_DATE, MISSION_FINISH_DATE, IMAGERY_TYPE) values ('Alpha', '2016-07-07T21:36:13Z', '2019-03-07T06:42:04Z', 'Hyperspectral');
insert into mission (MISSION_NAME, MISSION_START_DATE, MISSION_FINISH_DATE, IMAGERY_TYPE) values ('Cardguard', '2016-09-03T07:24:06Z', '2018-07-19T02:50:45Z', 'Multispectral');
insert into mission (MISSION_NAME, MISSION_START_DATE, MISSION_FINISH_DATE, IMAGERY_TYPE) values ('Bytecard', '2017-06-24T20:54:51Z', '2019-02-19T17:38:50Z', 'Hyperspectral');
insert into mission (MISSION_NAME, MISSION_START_DATE, MISSION_FINISH_DATE, IMAGERY_TYPE) values ('Trippledex', '2016-09-12T16:53:00Z', '2018-12-17T20:15:51Z', 'Panchromatic');
insert into mission (MISSION_NAME, MISSION_START_DATE, MISSION_FINISH_DATE, IMAGERY_TYPE) values ('Job', '2016-12-13T18:57:19Z', '2017-08-06T09:43:06Z', 'Panchromatic');
insert into mission (MISSION_NAME, MISSION_START_DATE, MISSION_FINISH_DATE, IMAGERY_TYPE) values ('Toughjoyfax', '2017-03-30T20:10:38Z', '2017-07-20T14:50:56Z', 'Multispectral');
insert into mission (MISSION_NAME, MISSION_START_DATE, MISSION_FINISH_DATE, IMAGERY_TYPE) values ('Asoka', '2016-07-17T22:40:35Z', '2017-07-30T19:12:51Z', 'Panchromatic');

-- point
insert into point (id, lat, lng) values (1, 1.3442714, 125.0950286);
insert into point (id, lat, lng) values (2, 16.3062209, -49.4872851);
insert into point (id, lat, lng) values (3, 1.2971634, 121.4870071);
insert into point (id, lat, lng) values (4, 3.4721794, -75.7255192);
insert into point (id, lat, lng) values (5, 34.6143841, -58.4708749);
insert into point (id, lat, lng) values (6, 2.0404797, 76.9262526);
insert into point (id, lat, lng) values (7, 3.3326454, -1.4631269);
insert into point (id, lat, lng) values (8, 0.1164, -122.96946);
insert into point (id, lat, lng) values (9, 15.3238812, -54.8731219);
insert into point (id, lat, lng) values (10, -31.4774881, -64.22783);
insert into point (id, lat, lng) values (11, 37.868872, 116.144417);
insert into point (id, lat, lng) values (12, 35.4441266, 136.342078);
insert into point (id, lat, lng) values (13, 52.9563074, 31.9693094);
insert into point (id, lat, lng) values (14, 42.9177058, 125.042845);
insert into point (id, lat, lng) values (15, 29.4528, 119.89225);
insert into point (id, lat, lng) values (16, -8.2298682, 112.750965);
insert into point (id, lat, lng) values (17, -8.2660783, -77.852450);
insert into point (id, lat, lng) values (18, 13.4570619, 123.679174);
insert into point (id, lat, lng) values (19, 29.770279, 84.03153);
insert into point (id, lat, lng) values (20, -7.05513, 108.6264694);
insert into point (id, lat, lng) values (21, 32.5468611, -116.90302);
insert into point (id, lat, lng) values (22, -7.893728, 110.1434668);
insert into point (id, lat, lng) values (23, -20.1514708, -44.20109);
insert into point (id, lat, lng) values (24, 43.7441795, 2.511999);
insert into point (id, lat, lng) values (25, 31.7284972, -106.48991);
insert into point (id, lat, lng) values (26, 13.86667, 45.25);
insert into point (id, lat, lng) values (27, 25.9210961, 51.3385684);
insert into point (id, lat, lng) values (28, 19.5403533, -71.079004);
insert into point (id, lat, lng) values (29, -19.39656, -40.0658731);
insert into point (id, lat, lng) values (30, 48.9175083, 2.3514328);
insert into point (id, lat, lng) values (31, 11.1626327, -68.725930);
insert into point (id, lat, lng) values (32, 43.7349329, 7.423264);
insert into point (id, lat, lng) values (33, 22.2016816, -97.836795);
insert into point (id, lat, lng) values (34, -6.5489311, 111.068395);
insert into point (id, lat, lng) values (35, 30.507299, -8.615482);
insert into point (id, lat, lng) values (36, 59.834171, 30.518852);
insert into point (id, lat, lng) values (37, 11.0871586, 123.986101);
insert into point (id, lat, lng) values (38, 63.8223321, 20.2753893);
insert into point (id, lat, lng) values (39, 38.308683, 101.588353);
insert into point (id, lat, lng) values (40, 63.6939838, 22.7427761);
insert into point (id, lat, lng) values (41, -39.103215, -67.094010);
insert into point (id, lat, lng) values (42, 49.7115204, 23.1314414);
insert into point (id, lat, lng) values (43, 24.0576707, 89.8762377);
insert into point (id, lat, lng) values (44, 25.22796, 106.78953);
insert into point (id, lat, lng) values (45, -27.3330369, -57.63823);
insert into point (id, lat, lng) values (46, 55.4083313, 56.5492424);
insert into point (id, lat, lng) values (47, 40.9785232, -8.4816505);
insert into point (id, lat, lng) values (48, 20.8449115, 106.688084);
insert into point (id, lat, lng) values (49, 25.0746235, 90.1494904);
insert into point (id, lat, lng) values (50, -15.7994139, -47.92221);
insert into point (id, lat, lng) values (51, 39.5969371, 116.071537);
insert into point (id, lat, lng) values (52, 32.840217, 117.229368);
insert into point (id, lat, lng) values (53, -8.727807, 115.5444231);
insert into point (id, lat, lng) values (54, 58.0618351, 7.584995);
insert into point (id, lat, lng) values (55, 39.109563, 117.223371);
insert into point (id, lat, lng) values (56, -19.7963816, 34.884486);
insert into point (id, lat, lng) values (57, -7.0065012, 112.378482);
insert into point (id, lat, lng) values (58, 44.0570174, 4.0057868);
insert into point (id, lat, lng) values (59, 24.660711, 118.460176);
insert into point (id, lat, lng) values (60, 25.8006926, 55.9761994);
insert into point (id, lat, lng) values (61, 40.7996662, 22.6698436);
insert into point (id, lat, lng) values (62, 49.7115204, 23.1314414);
insert into point (id, lat, lng) values (63, 13.622392, -87.6556468);
insert into point (id, lat, lng) values (64, 50.5580426, 136.994385);
insert into point (id, lat, lng) values (65, 38.8140462, -9.119897);
insert into point (id, lat, lng) values (66, -31.3317595, -54.10386);
insert into point (id, lat, lng) values (67, 31.30275, 121.389084);
insert into point (id, lat, lng) values (68, 32.777055, 117.989199);
insert into point (id, lat, lng) values (69, -12.1227634, 44.488357);
insert into point (id, lat, lng) values (70, 31.487889, 118.136378);
insert into point (id, lat, lng) values (71, 6.2479238, 102.0032957);
insert into point (id, lat, lng) values (72, 10.334638, -75.412672);
insert into point (id, lat, lng) values (73, 55.0356736, 23.5860512);
insert into point (id, lat, lng) values (74, -34.6504677, -58.56134);
insert into point (id, lat, lng) values (75, 14.5410506, 100.698515);
insert into point (id, lat, lng) values (76, 49.0253085, -122.80296);
insert into point (id, lat, lng) values (77, 60.9464266, 29.1348316);
insert into point (id, lat, lng) values (78, -20.0207751, 57.624073);
insert into point (id, lat, lng) values (79, 50.239411, 30.5455655);
insert into point (id, lat, lng) values (80, 25.8007724, -100.42777);
insert into point (id, lat, lng) values (81, 45.5825837, 17.9517519);
insert into point (id, lat, lng) values (82, 41.0509739, -7.391141);
insert into point (id, lat, lng) values (83, -28.9481925, -51.07494);
insert into point (id, lat, lng) values (84, 48.25115, 32.20795);
insert into point (id, lat, lng) values (85, -30.9392897, -61.54290);
insert into point (id, lat, lng) values (86, 32.519246, 108.533377);
insert into point (id, lat, lng) values (87, 14.295795, 120.9905117);
insert into point (id, lat, lng) values (88, -8.301579, 123.0648331);
insert into point (id, lat, lng) values (89, -27.6349915, -48.52194);
insert into point (id, lat, lng) values (90, 39.827482, 122.099452);
insert into point (id, lat, lng) values (91, 35.1855659, 33.3822764);
insert into point (id, lat, lng) values (92, 13.2805504, -87.128572);
insert into point (id, lat, lng) values (93, 34.94873, -5.24798);
insert into point (id, lat, lng) values (94, 29.079175, 119.64742);
insert into point (id, lat, lng) values (95, 11.5218308, 13.6883765);
insert into point (id, lat, lng) values (96, 30.5312657, -7.9238785);
insert into point (id, lat, lng) values (97, 41.5660291, -8.6268918);
insert into point (id, lat, lng) values (98, 35.8875, 14.51694);
insert into point (id, lat, lng) values (99, -21.2080662, -46.94165);
insert into point (id, lat, lng) values (100,  39.1645065, -119.763);
insert into point (id, lat, lng) values (101, 24.0260564, -53.75861);
insert into point (id, lat, lng) values (102, 0.6394384, -8.6380475);
insert into point (id, lat, lng) values (103, 3.365, 121.1893);
insert into point (id, lat, lng) values (104, 2.197328, 117.210612);
insert into point (id, lat, lng) values (105, 6.8310493, 68.1194872);
insert into point (id, lat, lng) values (106, 14.07109, -72.676201);
insert into point (id, lat, lng) values (107, 1.2445632, 15.097319);
insert into point (id, lat, lng) values (108, 3.4945737, 5.8978018);
insert into point (id, lat, lng) values (109, 9.8958649, 18.5477977);
insert into point (id, lat, lng) values (110, 41.6918275, -8.834410);
insert into point (id, lat, lng) values (111, 14.7690395, 121.01377);
insert into point (id, lat, lng) values (112, -37.7071402, 144.9611);
insert into point (id, lat, lng) values (113, 24.094765, 116.00509);
insert into point (id, lat, lng) values (114, 46.688163, 83.406926);
insert into point (id, lat, lng) values (115, 59.6742944, 29.851995);
insert into point (id, lat, lng) values (116, 53.6944002, 17.556925);
insert into point (id, lat, lng) values (117, 1.4994033, 33.5490078);
insert into point (id, lat, lng) values (118, 52.2445931, 104.24830);
insert into point (id, lat, lng) values (119, 9.0039801, -75.364536);
insert into point (id, lat, lng) values (120, 35.0612128, 33.404710);
insert into point (id, lat, lng) values (121, 40.6039378, 141.32596);
insert into point (id, lat, lng) values (122, 37.9642589, -121.2569);
insert into point (id, lat, lng) values (123, 12.805294, 120.838537);
insert into point (id, lat, lng) values (124, 47.02018, -68.1434996);
insert into point (id, lat, lng) values (125, -7.0341681, 108.32079);
insert into point (id, lat, lng) values (126, 40.7264865, -8.000232);
insert into point (id, lat, lng) values (127, -8.328435, 124.402271);
insert into point (id, lat, lng) values (128, 38.4251725, 23.672095);
insert into point (id, lat, lng) values (129, 18.467605, -69.911527);
insert into point (id, lat, lng) values (130, -32.7773288, 26.62910);
insert into point (id, lat, lng) values (131, -6.939897, 106.950617);
insert into point (id, lat, lng) values (132, 32.5549, 73.2122);
insert into point (id, lat, lng) values (133, 67.1355975, 20.685993);
insert into point (id, lat, lng) values (134, -15.8958471, -52.2516);
insert into point (id, lat, lng) values (135, 65.0344464, 25.843814);
insert into point (id, lat, lng) values (136, 49.246867, 126.991527);
insert into point (id, lat, lng) values (137, 48.7845598, 2.0433063);
insert into point (id, lat, lng) values (138, -10.1749134, 123.5972);
insert into point (id, lat, lng) values (139, 41.56, -73.05);
insert into point (id, lat, lng) values (140, 38.8189466, -77.05932);
insert into point (id, lat, lng) values (141, 24.390595, 114.522393);
insert into point (id, lat, lng) values (142, 57.5384659, 25.426361);
insert into point (id, lat, lng) values (143, 38.8055168, -104.4956);
insert into point (id, lat, lng) values (144, 38.4198489, 140.99865);
insert into point (id, lat, lng) values (145, 53.0637214, 26.639261);
insert into point (id, lat, lng) values (146, 14.5697429, 121.01908);
insert into point (id, lat, lng) values (147, 2.9329721, 101.625984);
insert into point (id, lat, lng) values (148, -8.5808412, 115.15630);
insert into point (id, lat, lng) values (149, 34.5911393, 68.956939);
insert into point (id, lat, lng) values (150, 9.7986027, 38.4271461);
insert into point (id, lat, lng) values (151, 22.9406641, 89.445851);
insert into point (id, lat, lng) values (152, 47.3695152, 40.090546);
insert into point (id, lat, lng) values (153, -8.7597358, 120.9905);
insert into point (id, lat, lng) values (154, -6.6825, 105.8573);
insert into point (id, lat, lng) values (155, 13.9158, 44.32414);
insert into point (id, lat, lng) values (156, 39.7472496, -75.59170);
insert into point (id, lat, lng) values (157, 40.9392676, 46.374893);
insert into point (id, lat, lng) values (158, 9.2207, 122.9053);
insert into point (id, lat, lng) values (159, 29.483809, 90.266692);
insert into point (id, lat, lng) values (160, 22.6594661, 105.96411);
insert into point (id, lat, lng) values (161, 49.154057, 23.0280055);
insert into point (id, lat, lng) values (162, 55.6427846, 38.008554);
insert into point (id, lat, lng) values (163, -19.9672706, -44.2011);
insert into point (id, lat, lng) values (164, 55.1328637, 40.17768);
insert into point (id, lat, lng) values (165, 62.4857735, 30.617351);
insert into point (id, lat, lng) values (166, 52.8266033, 15.578069);
insert into point (id, lat, lng) values (167, -5.1841285, -37.34778);
insert into point (id, lat, lng) values (168, 41.2218624, -7.534575);
insert into point (id, lat, lng) values (169, 30.2979687, 120.15617);
insert into point (id, lat, lng) values (170, -34.4922897, -58.6799);
insert into point (id, lat, lng) values (171, 52.2681666, 20.463220);
insert into point (id, lat, lng) values (172, 34.292397, 119.707591);
insert into point (id, lat, lng) values (173, 5.6153822, 95.4306141);
insert into point (id, lat, lng) values (174, 50.3815209, 24.008935);
insert into point (id, lat, lng) values (175, 39.109563, 117.223371);
insert into point (id, lat, lng) values (176, 16.3762123, 44.086523);
insert into point (id, lat, lng) values (177, 47.573689, 34.8688115);
insert into point (id, lat, lng) values (178, 42.046011, -8.4825685);
insert into point (id, lat, lng) values (179, 30.9882241, 121.12413);
insert into point (id, lat, lng) values (180, 31.026665, 119.910952);
insert into point (id, lat, lng) values (181, -2.479, 29.5564);;
insert into point (id, lat, lng) values (182, -19.0553711, -169.917);
insert into point (id, lat, lng) values (183, 31.5344951, 35.124528);
insert into point (id, lat, lng) values (184, -8.0030419, 114.31037);
insert into point (id, lat, lng) values (185, 16.6258353, -11.40552);
insert into point (id, lat, lng) values (186, 16.660204, 121.366653);
insert into point (id, lat, lng) values (187, 15.5997074, 120.72346);
insert into point (id, lat, lng) values (188, 38.34, -85.7);
insert into point (id, lat, lng) values (189, 49.858677, 18.9770856);
insert into point (id, lat, lng) values (190, 60.9842542, 72.608103);
insert into point (id, lat, lng) values (191, -7.5450262, 111.65563);
insert into point (id, lat, lng) values (192, 39.8726158, 45.357519);
insert into point (id, lat, lng) values (193, 46.7713478, 3.8379578);
insert into point (id, lat, lng) values (194, 11.3675415, 106.11928);
insert into point (id, lat, lng) values (195, -7.7454234, 113.17095);
insert into point (id, lat, lng) values (196, 40.1274545, 63.456709);
insert into point (id, lat, lng) values (197, 49.7578885, 15.482641);
insert into point (id, lat, lng) values (198, 28.112525, 112.989854);
insert into point (id, lat, lng) values (199, 49.4040465, 12.994654);
insert into point (id, lat, lng) values (200,  -1.877183, 106.11491);
insert into point (id, lat, lng) values (201, 6.9783786, 111.508076);
insert into point (id, lat, lng) values (202, 9.7458284, 18.6851872);
insert into point (id, lat, lng) values (203, 6.748522, 82.978928);
insert into point (id, lat, lng) values (204, 13.1612425, -74.21523);
insert into point (id, lat, lng) values (205, 0.3592489, 102.360706);
insert into point (id, lat, lng) values (206, 5.9329071, 105.999712);
insert into point (id, lat, lng) values (207, 9.494488, 19.8722638);
insert into point (id, lat, lng) values (208, 7.630806, 114.029827);
insert into point (id, lat, lng) values (209, 5.7211508, 20.4710429);
insert into point (id, lat, lng) values (210, 18.6205659, -68.69784);
insert into point (id, lat, lng) values (211, 49.7219212, 18.188717);
insert into point (id, lat, lng) values (212, -27.4893816, -58.8495);
insert into point (id, lat, lng) values (213, 58.9122731, 11.932719);
insert into point (id, lat, lng) values (214, 22.170437, 111.791539);
insert into point (id, lat, lng) values (215, 37.515114, 103.575676);
insert into point (id, lat, lng) values (216, 44.4421587, 8.7866738);
insert into point (id, lat, lng) values (217, 41.5122699, -8.465021);
insert into point (id, lat, lng) values (218, 33.8831154, 130.65245);
insert into point (id, lat, lng) values (219, 25.8025129, -100.2268);
insert into point (id, lat, lng) values (220, 28.426184, 112.166522);
insert into point (id, lat, lng) values (221, 63.1257009, 14.592829);
insert into point (id, lat, lng) values (222, 57.0994342, 24.685557);
insert into point (id, lat, lng) values (223, -4.203866, 36.927071);
insert into point (id, lat, lng) values (224, -20.4894632, -47.7834);
insert into point (id, lat, lng) values (225, 48.5051169, -72.22928);
insert into point (id, lat, lng) values (226, 13.8608665, 121.22113);
insert into point (id, lat, lng) values (227, -6.70377, 107.9087438);
insert into point (id, lat, lng) values (228, 45.4352011, 20.474469);
insert into point (id, lat, lng) values (229, 45.4381658, 4.3868779);
insert into point (id, lat, lng) values (230, -34.610303, -58.41009);
insert into point (id, lat, lng) values (231, -31.3927967, -64.2545);
insert into point (id, lat, lng) values (232, -6.5055, 106.4959);
insert into point (id, lat, lng) values (233, 12.8025919, 45.039894);
insert into point (id, lat, lng) values (234, 44.766541, 129.688614);
insert into point (id, lat, lng) values (235, 39.714472, 77.750994);
insert into point (id, lat, lng) values (236, -18.5938307, -48.7043);
insert into point (id, lat, lng) values (237, -8.1874595, 15.374596);
insert into point (id, lat, lng) values (238, 44.9829, 128.720857);
insert into point (id, lat, lng) values (239, 50.0534777, 21.946428);
insert into point (id, lat, lng) values (240, 55.556613, 57.1576821);
insert into point (id, lat, lng) values (241, 47.3005, 29.122497);
insert into point (id, lat, lng) values (242, 50.2464907, 12.905216);
insert into point (id, lat, lng) values (243, 15.8278, 120.4946766);
insert into point (id, lat, lng) values (244, 35.8835933, 140.52504);
insert into point (id, lat, lng) values (245, 49.9527773, 28.857858);
insert into point (id, lat, lng) values (246, 31.035395, 112.199427);
insert into point (id, lat, lng) values (247, 29.5692083, 50.523909);
insert into point (id, lat, lng) values (248, 44.8307966, 37.552122);
insert into point (id, lat, lng) values (249, 57.1466, 33.10753);
insert into point (id, lat, lng) values (250, 31.2385954, 31.465690);
insert into point (id, lat, lng) values (251, 59.4281489, 10.65544);
insert into point (id, lat, lng) values (252, 52.4927381, 4.6490303);
insert into point (id, lat, lng) values (253, 14.6419036, 121.01206);
insert into point (id, lat, lng) values (254, 47.910483, 33.391783);
insert into point (id, lat, lng) values (255, 44.0207262, 20.463313);
insert into point (id, lat, lng) values (256, 31.723247, 119.597896);
insert into point (id, lat, lng) values (257, -16.1976908, -48.7060);
insert into point (id, lat, lng) values (258, 13.1225237, 123.66152);
insert into point (id, lat, lng) values (259, 58.7542973, 16.855516);
insert into point (id, lat, lng) values (260, 24.3482735, 116.69888);
insert into point (id, lat, lng) values (261, 37.5769503, 26.482092);
insert into point (id, lat, lng) values (262, 41.933917, 126.422806);
insert into point (id, lat, lng) values (263, -7.5539241, 110.85133);
insert into point (id, lat, lng) values (264, 15.2958539, 103.29406);
insert into point (id, lat, lng) values (265, 53.3347733, -6.242700);
insert into point (id, lat, lng) values (266, 55.5376879, 42.079134);
insert into point (id, lat, lng) values (267, -7.34307, 108.1643);
insert into point (id, lat, lng) values (268, 48.3940341, 28.403479);
insert into point (id, lat, lng) values (269, 7.0841684, 38.6188955);
insert into point (id, lat, lng) values (270, -13.6824359, -71.6228);
insert into point (id, lat, lng) values (271, 38.8774735, -9.278821);
insert into point (id, lat, lng) values (272, 54.2866841, 48.233511);
insert into point (id, lat, lng) values (273, -6.4185424, 106.85028);
insert into point (id, lat, lng) values (274, 8.0951588, -76.728455);
insert into point (id, lat, lng) values (275, 9.9436507, -84.016695);
insert into point (id, lat, lng) values (276, 43.42993, 83.26077);
insert into point (id, lat, lng) values (277, 29.04527, 120.433275);
insert into point (id, lat, lng) values (278, 69.63186, 18.9221);
insert into point (id, lat, lng) values (279, 56.2437046, 96.095439);
insert into point (id, lat, lng) values (280, -26.8947924, -48.6550);
insert into point (id, lat, lng) values (281, 34.341574, 108.93977);
insert into point (id, lat, lng) values (282, -18.3604041, 16.58050);
insert into point (id, lat, lng) values (283, 19.1765583, -72.13865);
insert into point (id, lat, lng) values (284, 41.375722, 121.781518);
insert into point (id, lat, lng) values (285, -6.406039, 106.899566);
insert into point (id, lat, lng) values (286, 29.803849, 118.862331);
insert into point (id, lat, lng) values (287, 18.4927064, -69.96213);
insert into point (id, lat, lng) values (288, -7.311248, 106.478605);
insert into point (id, lat, lng) values (289, 23.902479, 106.618283);
insert into point (id, lat, lng) values (290, 42.9612827, 46.978828);
insert into point (id, lat, lng) values (291, 49.6911273, 28.130888);
insert into point (id, lat, lng) values (292, 9.2573324, 105.755779);
insert into point (id, lat, lng) values (293, 46.64635, 131.158416);
insert into point (id, lat, lng) values (294, 40.6998888, -73.80764);
insert into point (id, lat, lng) values (295, 4.243113, 117.893335);
insert into point (id, lat, lng) values (296, 41.3298054, 44.207312);
insert into point (id, lat, lng) values (297, 33.504555, 113.913911);
insert into point (id, lat, lng) values (298, 46.8538849, 38.473890);
insert into point (id, lat, lng) values (299, 49.9521852, 18.480045);
insert into point (id, lat, lng) values (300,  31.628871, 65.737174);
insert into point (id, lat, lng) values (301, 3.7400718, 7.4266436);
insert into point (id, lat, lng) values (302, 4.6626857, 121.026521);
insert into point (id, lat, lng) values (303, 0.5854429, -8.6170601);
insert into point (id, lat, lng) values (304, 7.3055997, 108.094056);
insert into point (id, lat, lng) values (305, 12.5465375, -38.71106);
insert into point (id, lat, lng) values (306, 9.7780409, 124.652466);
insert into point (id, lat, lng) values (307, 5.11678, -72.98244);
insert into point (id, lat, lng) values (308, 15.8272432, -50.26566);
insert into point (id, lat, lng) values (309, 2.3518344, 71.8852785);
insert into point (id, lat, lng) values (310, 55.9496102, 38.086521);
insert into point (id, lat, lng) values (311, -6.2023936, 106.65270);
insert into point (id, lat, lng) values (312, 43.61, -116.2);
insert into point (id, lat, lng) values (313, 55.6790868, 12.571637);
insert into point (id, lat, lng) values (314, -27.6923006, 23.03675);
insert into point (id, lat, lng) values (315, 8.688031, -73.666377);
insert into point (id, lat, lng) values (316, 25.575165, 111.824739);
insert into point (id, lat, lng) values (317, 32.627566, 113.808422);
insert into point (id, lat, lng) values (318, 41.1298235, -8.220134);
insert into point (id, lat, lng) values (319, 36.1592882, -95.99647);
insert into point (id, lat, lng) values (320, 41.0463282, -6.867266);
insert into point (id, lat, lng) values (321, 21.5471976, -99.68784);
insert into point (id, lat, lng) values (322, -8.2156978, 113.90011);
insert into point (id, lat, lng) values (323, 8.0036924, -81.559642);
insert into point (id, lat, lng) values (324, 13.974293, 121.324372);
insert into point (id, lat, lng) values (325, 29.990948, 116.659999);
insert into point (id, lat, lng) values (326, 12.1224221, -68.88242);
insert into point (id, lat, lng) values (327, 26.312444, 99.85036);
insert into point (id, lat, lng) values (328, -8.4774, 115.597);
insert into point (id, lat, lng) values (329, 52.2467738, 17.090129);
insert into point (id, lat, lng) values (330, 20.8381545, 105.17268);
insert into point (id, lat, lng) values (331, 39.9602601, -83.00928);
insert into point (id, lat, lng) values (332, 23.2393346, 90.186964);
insert into point (id, lat, lng) values (333, 51.8964003, 18.956578);
insert into point (id, lat, lng) values (334, 30.274084, 120.15507);
insert into point (id, lat, lng) values (335, 9.9122584, -68.274306);
insert into point (id, lat, lng) values (336, 16.9022, 121.76191);
insert into point (id, lat, lng) values (337, 36.74, -119.8);
insert into point (id, lat, lng) values (338, 38.0625172, 23.794657);
insert into point (id, lat, lng) values (339, 63.3568009, 27.755804);
insert into point (id, lat, lng) values (340, 40.7363895, -7.820066);
insert into point (id, lat, lng) values (341, 33.145166, 117.888855);
insert into point (id, lat, lng) values (342, -7.2528931, 108.18862);
insert into point (id, lat, lng) values (343, -37.9973752, -57.5825);
insert into point (id, lat, lng) values (344, -6.161513, 106.838424);
insert into point (id, lat, lng) values (345, 57.7313899, 12.913042);
insert into point (id, lat, lng) values (346, 23.1216171, 113.26949);
insert into point (id, lat, lng) values (347, 23.043061, 113.298675);
insert into point (id, lat, lng) values (348, -9.8185351, 147.66090);
insert into point (id, lat, lng) values (349, -34.6802091, -58.4747);
insert into point (id, lat, lng) values (350, 36.091367, 120.494295);
insert into point (id, lat, lng) values (351, 50.133176, 19.9262381);
insert into point (id, lat, lng) values (352, 60.4079862, 5.3151044);
insert into point (id, lat, lng) values (353, 56.1644128, 12.883329);
insert into point (id, lat, lng) values (354, 27.508801, 59.333);
insert into point (id, lat, lng) values (355, 29.606391, 112.320413);
insert into point (id, lat, lng) values (356, 40.7758541, -74.16509);
insert into point (id, lat, lng) values (357, 11.5521428, 123.11563);
insert into point (id, lat, lng) values (358, 50.057265, 22.275776);
insert into point (id, lat, lng) values (359, 50.239411, 30.5455655);
insert into point (id, lat, lng) values (360, 31.5094268, 116.88774);
insert into point (id, lat, lng) values (361, 6.2479238, 102.003295);
insert into point (id, lat, lng) values (362, -20.8478935, -41.1162);
insert into point (id, lat, lng) values (363, 35.9469003, 140.19612);
insert into point (id, lat, lng) values (364, 34.6330462, 136.52437);
insert into point (id, lat, lng) values (365, 33.001096, 106.91786);
insert into point (id, lat, lng) values (366, 63.8536621, 15.556869);
insert into point (id, lat, lng) values (367, 43.0007361, 23.341193);
insert into point (id, lat, lng) values (368, 0.8070691, 24.4529792);
insert into point (id, lat, lng) values (369, 7.8910267, -11.904143);
insert into point (id, lat, lng) values (370, 38.624235, 100.36759);
insert into point (id, lat, lng) values (371, 40.229627, 22.4989768);
insert into point (id, lat, lng) values (372, -6.939897, 106.950617);
insert into point (id, lat, lng) values (373, 28.4256618, 48.488722);
insert into point (id, lat, lng) values (374, -21.4206681, 15.95236);
insert into point (id, lat, lng) values (375, -7.6633857, 112.27714);
insert into point (id, lat, lng) values (376, 46.0765073, -66.72991);
insert into point (id, lat, lng) values (377, 16.08532, 120.03164);
insert into point (id, lat, lng) values (378, 58.5642523, 12.065760);
insert into point (id, lat, lng) values (379, 32.3266, 35.05262);
insert into point (id, lat, lng) values (380, 9.2718747, -75.463603);
insert into point (id, lat, lng) values (381, 42.4782102, 78.395598);
insert into point (id, lat, lng) values (382, 12.6679167, 123.98816);
insert into point (id, lat, lng) values (383, -20.8420055, -40.7357);
insert into point (id, lat, lng) values (384, 29.042269, 121.626963);
insert into point (id, lat, lng) values (385, -5.6371803, -78.53396);
insert into point (id, lat, lng) values (386, 32.700367, 67.303116);
insert into point (id, lat, lng) values (387, -7.0807, 108.0663);
insert into point (id, lat, lng) values (388, 52.431009, 53.1620435);
insert into point (id, lat, lng) values (389, 40.039377, 48.9202533);
insert into point (id, lat, lng) values (390, -25.6962731, 28.70230);
insert into point (id, lat, lng) values (391, 17.234553, 102.423529);
insert into point (id, lat, lng) values (392, 32.10828, 35.05096);
insert into point (id, lat, lng) values (393, 28.572029, 109.482078);
insert into point (id, lat, lng) values (394, 11.0124684, -63.93792);
insert into point (id, lat, lng) values (395, 50.2202953, 18.780158);
insert into point (id, lat, lng) values (396, 15.7453924, -86.89477);
insert into point (id, lat, lng) values (397, -8.178717, 112.226479);
insert into point (id, lat, lng) values (398, 38.779669, 63.8699655);
insert into point (id, lat, lng) values (399, 41.4745288, -6.364731);
insert into point (id, lat, lng) values (400,  13.0748879, 120.7213);



--product footprint
insert into product_footprint (id, point1_id, point2_id, point3_id, point4_id) values (1, 1, 101, 201, 301);
insert into product_footprint (id, point1_id, point2_id, point3_id, point4_id) values (2, 2, 102, 202, 302);
insert into product_footprint (id, point1_id, point2_id, point3_id, point4_id) values (3, 3, 103, 203, 303);
insert into product_footprint (id, point1_id, point2_id, point3_id, point4_id) values (4, 4, 104, 204, 304);
insert into product_footprint (id, point1_id, point2_id, point3_id, point4_id) values (5, 5, 105, 205, 305);
insert into product_footprint (id, point1_id, point2_id, point3_id, point4_id) values (6, 6, 106, 206, 306);
insert into product_footprint (id, point1_id, point2_id, point3_id, point4_id) values (7, 7, 107, 207, 307);
insert into product_footprint (id, point1_id, point2_id, point3_id, point4_id) values (8, 8, 108, 208, 308);
insert into product_footprint (id, point1_id, point2_id, point3_id, point4_id) values (9, 9, 109, 209, 309);
insert into product_footprint (id, point1_id, point2_id, point3_id, point4_id) values (10, 10, 110, 210, 310);
insert into product_footprint (id, point1_id, point2_id, point3_id, point4_id) values (11, 11, 111, 211, 311);
insert into product_footprint (id, point1_id, point2_id, point3_id, point4_id) values (12, 12, 112, 212, 312);
insert into product_footprint (id, point1_id, point2_id, point3_id, point4_id) values (13, 13, 113, 213, 313);
insert into product_footprint (id, point1_id, point2_id, point3_id, point4_id) values (14, 14, 114, 214, 314);
insert into product_footprint (id, point1_id, point2_id, point3_id, point4_id) values (15, 15, 115, 215, 315);
insert into product_footprint (id, point1_id, point2_id, point3_id, point4_id) values (16, 16, 116, 216, 316);
insert into product_footprint (id, point1_id, point2_id, point3_id, point4_id) values (17, 17, 117, 217, 317);
insert into product_footprint (id, point1_id, point2_id, point3_id, point4_id) values (18, 18, 118, 218, 318);
insert into product_footprint (id, point1_id, point2_id, point3_id, point4_id) values (19, 19, 119, 219, 319);
insert into product_footprint (id, point1_id, point2_id, point3_id, point4_id) values (20, 20, 120, 220, 320);
insert into product_footprint (id, point1_id, point2_id, point3_id, point4_id) values (21, 21, 121, 221, 321);
insert into product_footprint (id, point1_id, point2_id, point3_id, point4_id) values (22, 22, 122, 222, 322);
insert into product_footprint (id, point1_id, point2_id, point3_id, point4_id) values (23, 23, 123, 223, 323);
insert into product_footprint (id, point1_id, point2_id, point3_id, point4_id) values (24, 24, 124, 224, 324);
insert into product_footprint (id, point1_id, point2_id, point3_id, point4_id) values (25, 25, 125, 225, 325);
insert into product_footprint (id, point1_id, point2_id, point3_id, point4_id) values (26, 26, 126, 226, 326);
insert into product_footprint (id, point1_id, point2_id, point3_id, point4_id) values (27, 27, 127, 227, 327);
insert into product_footprint (id, point1_id, point2_id, point3_id, point4_id) values (28, 28, 128, 228, 328);
insert into product_footprint (id, point1_id, point2_id, point3_id, point4_id) values (29, 29, 129, 229, 329);
insert into product_footprint (id, point1_id, point2_id, point3_id, point4_id) values (30, 30, 130, 230, 330);
insert into product_footprint (id, point1_id, point2_id, point3_id, point4_id) values (31, 31, 131, 231, 331);
insert into product_footprint (id, point1_id, point2_id, point3_id, point4_id) values (32, 32, 132, 232, 332);
insert into product_footprint (id, point1_id, point2_id, point3_id, point4_id) values (33, 33, 133, 233, 333);
insert into product_footprint (id, point1_id, point2_id, point3_id, point4_id) values (34, 34, 134, 234, 334);
insert into product_footprint (id, point1_id, point2_id, point3_id, point4_id) values (35, 35, 135, 235, 335);
insert into product_footprint (id, point1_id, point2_id, point3_id, point4_id) values (36, 36, 136, 236, 336);
insert into product_footprint (id, point1_id, point2_id, point3_id, point4_id) values (37, 37, 137, 237, 337);
insert into product_footprint (id, point1_id, point2_id, point3_id, point4_id) values (38, 38, 138, 238, 338);
insert into product_footprint (id, point1_id, point2_id, point3_id, point4_id) values (39, 39, 139, 239, 339);
insert into product_footprint (id, point1_id, point2_id, point3_id, point4_id) values (40, 40, 140, 240, 340);
insert into product_footprint (id, point1_id, point2_id, point3_id, point4_id) values (41, 41, 141, 241, 341);
insert into product_footprint (id, point1_id, point2_id, point3_id, point4_id) values (42, 42, 142, 242, 342);
insert into product_footprint (id, point1_id, point2_id, point3_id, point4_id) values (43, 43, 143, 243, 343);
insert into product_footprint (id, point1_id, point2_id, point3_id, point4_id) values (44, 44, 144, 244, 344);
insert into product_footprint (id, point1_id, point2_id, point3_id, point4_id) values (45, 45, 145, 245, 345);
insert into product_footprint (id, point1_id, point2_id, point3_id, point4_id) values (46, 46, 146, 246, 346);
insert into product_footprint (id, point1_id, point2_id, point3_id, point4_id) values (47, 47, 147, 247, 347);
insert into product_footprint (id, point1_id, point2_id, point3_id, point4_id) values (48, 48, 148, 248, 348);
insert into product_footprint (id, point1_id, point2_id, point3_id, point4_id) values (49, 49, 149, 249, 349);
insert into product_footprint (id, point1_id, point2_id, point3_id, point4_id) values (50, 50, 150, 250, 350);
insert into product_footprint (id, point1_id, point2_id, point3_id, point4_id) values (51, 51, 151, 251, 351);
insert into product_footprint (id, point1_id, point2_id, point3_id, point4_id) values (52, 52, 152, 252, 352);
insert into product_footprint (id, point1_id, point2_id, point3_id, point4_id) values (53, 53, 153, 253, 353);
insert into product_footprint (id, point1_id, point2_id, point3_id, point4_id) values (54, 54, 154, 254, 354);
insert into product_footprint (id, point1_id, point2_id, point3_id, point4_id) values (55, 55, 155, 255, 355);
insert into product_footprint (id, point1_id, point2_id, point3_id, point4_id) values (56, 56, 156, 256, 356);
insert into product_footprint (id, point1_id, point2_id, point3_id, point4_id) values (57, 57, 157, 257, 357);
insert into product_footprint (id, point1_id, point2_id, point3_id, point4_id) values (58, 58, 158, 258, 358);
insert into product_footprint (id, point1_id, point2_id, point3_id, point4_id) values (59, 59, 159, 259, 359);
insert into product_footprint (id, point1_id, point2_id, point3_id, point4_id) values (60, 60, 160, 260, 360);
insert into product_footprint (id, point1_id, point2_id, point3_id, point4_id) values (61, 61, 161, 261, 361);
insert into product_footprint (id, point1_id, point2_id, point3_id, point4_id) values (62, 62, 162, 262, 362);
insert into product_footprint (id, point1_id, point2_id, point3_id, point4_id) values (63, 63, 163, 263, 363);
insert into product_footprint (id, point1_id, point2_id, point3_id, point4_id) values (64, 64, 164, 264, 364);
insert into product_footprint (id, point1_id, point2_id, point3_id, point4_id) values (65, 65, 165, 265, 365);
insert into product_footprint (id, point1_id, point2_id, point3_id, point4_id) values (66, 66, 166, 266, 366);
insert into product_footprint (id, point1_id, point2_id, point3_id, point4_id) values (67, 67, 167, 267, 367);
insert into product_footprint (id, point1_id, point2_id, point3_id, point4_id) values (68, 68, 168, 268, 368);
insert into product_footprint (id, point1_id, point2_id, point3_id, point4_id) values (69, 69, 169, 269, 369);
insert into product_footprint (id, point1_id, point2_id, point3_id, point4_id) values (70, 70, 170, 270, 370);
insert into product_footprint (id, point1_id, point2_id, point3_id, point4_id) values (71, 71, 171, 271, 371);
insert into product_footprint (id, point1_id, point2_id, point3_id, point4_id) values (72, 72, 172, 272, 372);
insert into product_footprint (id, point1_id, point2_id, point3_id, point4_id) values (73, 73, 173, 273, 373);
insert into product_footprint (id, point1_id, point2_id, point3_id, point4_id) values (74, 74, 174, 274, 374);
insert into product_footprint (id, point1_id, point2_id, point3_id, point4_id) values (75, 75, 175, 275, 375);
insert into product_footprint (id, point1_id, point2_id, point3_id, point4_id) values (76, 76, 176, 276, 376);
insert into product_footprint (id, point1_id, point2_id, point3_id, point4_id) values (77, 77, 177, 277, 377);
insert into product_footprint (id, point1_id, point2_id, point3_id, point4_id) values (78, 78, 178, 278, 378);
insert into product_footprint (id, point1_id, point2_id, point3_id, point4_id) values (79, 79, 179, 279, 379);
insert into product_footprint (id, point1_id, point2_id, point3_id, point4_id) values (80, 80, 180, 280, 380);
insert into product_footprint (id, point1_id, point2_id, point3_id, point4_id) values (81, 81, 181, 281, 381);
insert into product_footprint (id, point1_id, point2_id, point3_id, point4_id) values (82, 82, 182, 282, 382);
insert into product_footprint (id, point1_id, point2_id, point3_id, point4_id) values (83, 83, 183, 283, 383);
insert into product_footprint (id, point1_id, point2_id, point3_id, point4_id) values (84, 84, 184, 284, 384);
insert into product_footprint (id, point1_id, point2_id, point3_id, point4_id) values (85, 85, 185, 285, 385);
insert into product_footprint (id, point1_id, point2_id, point3_id, point4_id) values (86, 86, 186, 286, 386);
insert into product_footprint (id, point1_id, point2_id, point3_id, point4_id) values (87, 87, 187, 287, 387);
insert into product_footprint (id, point1_id, point2_id, point3_id, point4_id) values (88, 88, 188, 288, 388);
insert into product_footprint (id, point1_id, point2_id, point3_id, point4_id) values (89, 89, 189, 289, 389);
insert into product_footprint (id, point1_id, point2_id, point3_id, point4_id) values (90, 90, 190, 290, 390);
insert into product_footprint (id, point1_id, point2_id, point3_id, point4_id) values (91, 91, 191, 291, 391);
insert into product_footprint (id, point1_id, point2_id, point3_id, point4_id) values (92, 92, 192, 292, 392);
insert into product_footprint (id, point1_id, point2_id, point3_id, point4_id) values (93, 93, 193, 293, 393);
insert into product_footprint (id, point1_id, point2_id, point3_id, point4_id) values (94, 94, 194, 294, 394);
insert into product_footprint (id, point1_id, point2_id, point3_id, point4_id) values (95, 95, 195, 295, 395);
insert into product_footprint (id, point1_id, point2_id, point3_id, point4_id) values (96, 96, 196, 296, 396);
insert into product_footprint (id, point1_id, point2_id, point3_id, point4_id) values (97, 97, 197, 297, 397);
insert into product_footprint (id, point1_id, point2_id, point3_id, point4_id) values (98, 98, 198, 298, 398);
insert into product_footprint (id, point1_id, point2_id, point3_id, point4_id) values (99, 99, 199, 299, 399);
insert into product_footprint (id, point1_id, point2_id, point3_id, point4_id) values (100, 100, 200, 300, 400);


-- product
insert into product (id, MISSION_MISSION_NAME, PRODUCT_ACQUISITION_DATE, PRODUCT_PRICE, PRODUCT_URL, PRODUCT_FOOTPRINT_ID) values (1, 'Toughjoyfax', '2017-09-29T06:35:23Z', 790.96, 'data:image/png;base64,iVBORw0KGgoAAAANSUhEUgAAABAAAAAQCAYAAAAf8/9hAAAABGdBTUEAAK/INwWK6QAAABl0RVh0U29mdHdhcmUAQWRvYmUgSW1hZ2VSZWFkeXHJZTwAAAJvSURBVDjLjdM/TFNRFMfx733v.com', 1);
insert into product (id, MISSION_MISSION_NAME, PRODUCT_ACQUISITION_DATE, PRODUCT_PRICE, PRODUCT_URL, PRODUCT_FOOTPRINT_ID) values (2, 'Toughjoyfax', '2018-10-29T09:12:55Z', 275.93, 'data:image/png;base64,iVBORw0KGgoAAAANSUhEUgAAABAAAAAQCAYAAAAf8/9hAAAABGdBTUEAAK/INwWK6QAAABl0RVh0U29mdHdhcmUAQWRvYmUgSW1hZ2VSZWFkeXHJZTwAAAHtSURBVDjLpZNfSFNhGMYXZ110.com', 2);
insert into product (id, MISSION_MISSION_NAME, PRODUCT_ACQUISITION_DATE, PRODUCT_PRICE, PRODUCT_URL, PRODUCT_FOOTPRINT_ID) values (3, 'Toughjoyfax', '2017-05-16T06:55:50Z', 553.26, 'data:image/png;base64,iVBORw0KGgoAAAANSUhEUgAAABAAAAAQCAYAAAAf8/9hAAAABGdBTUEAAK/INwWK6QAAABl0RVh0U29mdHdhcmUAQWRvYmUgSW1hZ2VSZWFkeXHJZTwAAAHySURBVDjLtZPvT1JxFMb5O/gH.com', 3);
insert into product (id, MISSION_MISSION_NAME, PRODUCT_ACQUISITION_DATE, PRODUCT_PRICE, PRODUCT_URL, PRODUCT_FOOTPRINT_ID) values (4, 'Toughjoyfax', '2017-09-10T00:29:13Z', 594.84, 'data:image/png;base64,iVBORw0KGgoAAAANSUhEUgAAABAAAAAQCAYAAAAf8/9hAAAABGdBTUEAAK/INwWK6QAAABl0RVh0U29mdHdhcmUAQWRvYmUgSW1hZ2VSZWFkeXHJZTwAAAKOSURBVDjLhZNPTBNBFMa/3e0/.com', 4);
insert into product (id, MISSION_MISSION_NAME, PRODUCT_ACQUISITION_DATE, PRODUCT_PRICE, PRODUCT_URL, PRODUCT_FOOTPRINT_ID) values (5, 'Toughjoyfax', '2017-08-06T08:27:01Z', 846.81, 'data:image/png;base64,iVBORw0KGgoAAAANSUhEUgAAABAAAAAQCAYAAAAf8/9hAAAABGdBTUEAAK/INwWK6QAAABl0RVh0U29mdHdhcmUAQWRvYmUgSW1hZ2VSZWFkeXHJZTwAAAJSSURBVDjLpZM9aBRhEIaf2c3d.com', 5);
insert into product (id, MISSION_MISSION_NAME, PRODUCT_ACQUISITION_DATE, PRODUCT_PRICE, PRODUCT_URL, PRODUCT_FOOTPRINT_ID) values (6, 'Toughjoyfax', '2018-07-08T15:58:05Z', 86.99, 'data:image/png;base64,iVBORw0KGgoAAAANSUhEUgAAABAAAAAQCAYAAAAf8/9hAAAABGdBTUEAAK/INwWK6QAAABl0RVh0U29mdHdhcmUAQWRvYmUgSW1hZ2VSZWFkeXHJZTwAAALsSURBVDjLjdBbTJJhGAdw6qKLu.com', 6);
insert into product (id, MISSION_MISSION_NAME, PRODUCT_ACQUISITION_DATE, PRODUCT_PRICE, PRODUCT_URL, PRODUCT_FOOTPRINT_ID) values (7, 'Toughjoyfax', '2017-08-08T13:11:37Z', 524.55, 'data:image/png;base64,iVBORw0KGgoAAAANSUhEUgAAABAAAAAQCAQAAAC1+jfqAAAABGdBTUEAAK/INwWK6QAAABl0RVh0U29mdHdhcmUAQWRvYmUgSW1hZ2VSZWFkeXHJZTwAAAE4SURBVCjPfZFNS4JBFIX9UfOf.com', 7);
insert into product (id, MISSION_MISSION_NAME, PRODUCT_ACQUISITION_DATE, PRODUCT_PRICE, PRODUCT_URL, PRODUCT_FOOTPRINT_ID) values (8, 'Toughjoyfax', '2017-01-05T07:16:56Z', 465.78, 'data:image/png;base64,iVBORw0KGgoAAAANSUhEUgAAABAAAAAQCAYAAAAf8/9hAAAABGdBTUEAAK/INwWK6QAAABl0RVh0U29mdHdhcmUAQWRvYmUgSW1hZ2VSZWFkeXHJZTwAAACjSURBVDjL7ZNBCsIwEEVz1mwT.com', 8);
insert into product (id, MISSION_MISSION_NAME, PRODUCT_ACQUISITION_DATE, PRODUCT_PRICE, PRODUCT_URL, PRODUCT_FOOTPRINT_ID) values (9, 'Toughjoyfax', '2017-04-10T19:44:15Z', 687.48, 'data:image/png;base64,iVBORw0KGgoAAAANSUhEUgAAABAAAAAQCAYAAAAf8/9hAAAABGdBTUEAAK/INwWK6QAAABl0RVh0U29mdHdhcmUAQWRvYmUgSW1hZ2VSZWFkeXHJZTwAAAHISURBVDjLpVPNK0RRFP+9D98s.com', 9);
insert into product (id, MISSION_MISSION_NAME, PRODUCT_ACQUISITION_DATE, PRODUCT_PRICE, PRODUCT_URL, PRODUCT_FOOTPRINT_ID) values (10, 'Asoka', '2017-11-29T06:16:18Z', 450.87, 'data:image/png;base64,iVBORw0KGgoAAAANSUhEUgAAABAAAAAQCAYAAAAf8/9hAAAABGdBTUEAAK/INwWK6QAAABl0RVh0U29mdHdhcmUAQWRvYmUgSW1hZ2VSZWFkeXHJZTwAAAKmSURBVDjLjZPdS5NRHMf3D+h9XXVZR.com', 10);
insert into product (id, MISSION_MISSION_NAME, PRODUCT_ACQUISITION_DATE, PRODUCT_PRICE, PRODUCT_URL, PRODUCT_FOOTPRINT_ID) values (11, 'Asoka', '2018-06-12T20:06:37Z', 216.60, 'data:image/png;base64,iVBORw0KGgoAAAANSUhEUgAAABAAAAAQCAYAAAAf8/9hAAAABGdBTUEAAK/INwWK6QAAABl0RVh0U29mdHdhcmUAQWRvYmUgSW1hZ2VSZWFkeXHJZTwAAAI5SURBVBgZpcE9SFVhAMfh33vue49X8.com', 11);
insert into product (id, MISSION_MISSION_NAME, PRODUCT_ACQUISITION_DATE, PRODUCT_PRICE, PRODUCT_URL, PRODUCT_FOOTPRINT_ID) values (12, 'Asoka', '2018-04-17T03:26:19Z', 231.59, 'data:image/png;base64,iVBORw0KGgoAAAANSUhEUgAAABAAAAAQCAYAAAAf8/9hAAAABGdBTUEAAK/INwWK6QAAABl0RVh0U29mdHdhcmUAQWRvYmUgSW1hZ2VSZWFkeXHJZTwAAAKoSURBVDjLdVNdSJNRGD4RRJfdJP2Re.com', 12);
insert into product (id, MISSION_MISSION_NAME, PRODUCT_ACQUISITION_DATE, PRODUCT_PRICE, PRODUCT_URL, PRODUCT_FOOTPRINT_ID) values (13, 'Asoka', '2017-12-13T20:44:40Z', 749.58, 'data:image/png;base64,iVBORw0KGgoAAAANSUhEUgAAABAAAAAQCAYAAAAf8/9hAAAABGdBTUEAAK/INwWK6QAAABl0RVh0U29mdHdhcmUAQWRvYmUgSW1hZ2VSZWFkeXHJZTwAAAGMSURBVDjLY/j//z8DJZiggtx9Sasyd.com', 13);
insert into product (id, MISSION_MISSION_NAME, PRODUCT_ACQUISITION_DATE, PRODUCT_PRICE, PRODUCT_URL, PRODUCT_FOOTPRINT_ID) values (14, 'Asoka', '2018-08-09T06:50:27Z', 168.57, 'data:image/png;base64,iVBORw0KGgoAAAANSUhEUgAAABAAAAAQCAYAAAAf8/9hAAAABGdBTUEAAK/INwWK6QAAABl0RVh0U29mdHdhcmUAQWRvYmUgSW1hZ2VSZWFkeXHJZTwAAAGvSURBVDjLpZO7alZREEbXiSdqJJDKY.com', 14);
insert into product (id, MISSION_MISSION_NAME, PRODUCT_ACQUISITION_DATE, PRODUCT_PRICE, PRODUCT_URL, PRODUCT_FOOTPRINT_ID) values (15, 'Asoka', '2018-08-28T02:06:19Z', 714.18, 'data:image/png;base64,iVBORw0KGgoAAAANSUhEUgAAABAAAAAQCAYAAAAf8/9hAAAABGdBTUEAAK/INwWK6QAAABl0RVh0U29mdHdhcmUAQWRvYmUgSW1hZ2VSZWFkeXHJZTwAAAGeSURBVDjLvZPPK4NxHMe/F4dFymE8h.com', 15);
insert into product (id, MISSION_MISSION_NAME, PRODUCT_ACQUISITION_DATE, PRODUCT_PRICE, PRODUCT_URL, PRODUCT_FOOTPRINT_ID) values (16, 'Asoka', '2017-08-27T08:17:41Z', 627.41, 'data:image/png;base64,iVBORw0KGgoAAAANSUhEUgAAABAAAAAQCAYAAAAf8/9hAAAABGdBTUEAAK/INwWK6QAAABl0RVh0U29mdHdhcmUAQWRvYmUgSW1hZ2VSZWFkeXHJZTwAAAKBSURBVDjLhZJdSFNhHMZfkQLxIhKKJ.com', 16);
insert into product (id, MISSION_MISSION_NAME, PRODUCT_ACQUISITION_DATE, PRODUCT_PRICE, PRODUCT_URL, PRODUCT_FOOTPRINT_ID) values (17, 'Asoka', '2017-09-24T07:07:24Z', 484.81, 'data:image/png;base64,iVBORw0KGgoAAAANSUhEUgAAABAAAAAQCAYAAAAf8/9hAAAABGdBTUEAAK/INwWK6QAAABl0RVh0U29mdHdhcmUAQWRvYmUgSW1hZ2VSZWFkeXHJZTwAAAKASURBVDjLpVNLTxNRGOUH+Av6O2Dp0.com', 17);
insert into product (id, MISSION_MISSION_NAME, PRODUCT_ACQUISITION_DATE, PRODUCT_PRICE, PRODUCT_URL, PRODUCT_FOOTPRINT_ID) values (18, 'Asoka', '2017-05-07T01:49:07Z', 195.21, 'data:image/png;base64,iVBORw0KGgoAAAANSUhEUgAAABAAAAAQCAYAAAAf8/9hAAAABGdBTUEAAK/INwWK6QAAABl0RVh0U29mdHdhcmUAQWRvYmUgSW1hZ2VSZWFkeXHJZTwAAAJ8SURBVDjLpZB/SFNRFMftj5IiW9saI.com', 18);
insert into product (id, MISSION_MISSION_NAME, PRODUCT_ACQUISITION_DATE, PRODUCT_PRICE, PRODUCT_URL, PRODUCT_FOOTPRINT_ID) values (19, 'Asoka', '2018-01-03T02:16:11Z', 354.51, 'data:image/png;base64,iVBORw0KGgoAAAANSUhEUgAAABAAAAAQCAYAAAAf8/9hAAAABGdBTUEAAK/INwWK6QAAABl0RVh0U29mdHdhcmUAQWRvYmUgSW1hZ2VSZWFkeXHJZTwAAANvSURBVDjLVZNbbFN1HMe/p+d0be3p6.com', 19);
insert into product (id, MISSION_MISSION_NAME, PRODUCT_ACQUISITION_DATE, PRODUCT_PRICE, PRODUCT_URL, PRODUCT_FOOTPRINT_ID) values (20, 'Cardify', '2018-04-07T01:07:29Z', 178.74, 'data:image/png;base64,iVBORw0KGgoAAAANSUhEUgAAABAAAAAQCAYAAAAf8/9hAAAABGdBTUEAAK/INwWK6QAAABl0RVh0U29mdHdhcmUAQWRvYmUgSW1hZ2VSZWFkeXHJZTwAAAJOSURBVDjLlZLdTxJQGMa96K4/oPU.com', 20);
insert into product (id, MISSION_MISSION_NAME, PRODUCT_ACQUISITION_DATE, PRODUCT_PRICE, PRODUCT_URL, PRODUCT_FOOTPRINT_ID) values (21, 'Cardify', '2017-05-09T20:18:43Z', 742.93, 'data:image/png;base64,iVBORw0KGgoAAAANSUhEUgAAABAAAAAQCAYAAAAf8/9hAAAABGdBTUEAAK/INwWK6QAAABl0RVh0U29mdHdhcmUAQWRvYmUgSW1hZ2VSZWFkeXHJZTwAAAKrSURBVDjLfVNNTFNBEP5aqlItmlc.com', 21);
insert into product (id, MISSION_MISSION_NAME, PRODUCT_ACQUISITION_DATE, PRODUCT_PRICE, PRODUCT_URL, PRODUCT_FOOTPRINT_ID) values (22, 'Cardify', '2018-09-19T08:51:50Z', 184.87, 'data:image/png;base64,iVBORw0KGgoAAAANSUhEUgAAABAAAAAQCAYAAAAf8/9hAAAABGdBTUEAAK/INwWK6QAAABl0RVh0U29mdHdhcmUAQWRvYmUgSW1hZ2VSZWFkeXHJZTwAAAKESURBVDjLjZNPaJJhHMc9ddulU8e.com', 22);
insert into product (id, MISSION_MISSION_NAME, PRODUCT_ACQUISITION_DATE, PRODUCT_PRICE, PRODUCT_URL, PRODUCT_FOOTPRINT_ID) values (23, 'Cardify', '2017-02-07T15:32:13Z', 790.63, 'data:image/png;base64,iVBORw0KGgoAAAANSUhEUgAAABAAAAAQCAYAAAAf8/9hAAAABGdBTUEAAK/INwWK6QAAABl0RVh0U29mdHdhcmUAQWRvYmUgSW1hZ2VSZWFkeXHJZTwAAAJ3SURBVDjLfZLNi01xGMc/zzm/c9/.com', 23);
insert into product (id, MISSION_MISSION_NAME, PRODUCT_ACQUISITION_DATE, PRODUCT_PRICE, PRODUCT_URL, PRODUCT_FOOTPRINT_ID) values (24, 'Cardify', '2017-04-28T11:55:19Z', 718.16, 'data:image/png;base64,iVBORw0KGgoAAAANSUhEUgAAABAAAAAQCAYAAAAf8/9hAAAABGdBTUEAAK/INwWK6QAAABl0RVh0U29mdHdhcmUAQWRvYmUgSW1hZ2VSZWFkeXHJZTwAAAJASURBVDjLpZO9T5NRFMZ/9+3bD4p.com', 24);
insert into product (id, MISSION_MISSION_NAME, PRODUCT_ACQUISITION_DATE, PRODUCT_PRICE, PRODUCT_URL, PRODUCT_FOOTPRINT_ID) values (25, 'Cardify', '2017-08-18T17:58:05Z', 710.32, 'data:image/png;base64,iVBORw0KGgoAAAANSUhEUgAAABAAAAAQCAYAAAAf8/9hAAAABGdBTUEAAK/INwWK6QAAABl0RVh0U29mdHdhcmUAQWRvYmUgSW1hZ2VSZWFkeXHJZTwAAAI/SURBVBgZpcFdaI1xHMDx7/Oc/3m.com', 25);
insert into product (id, MISSION_MISSION_NAME, PRODUCT_ACQUISITION_DATE, PRODUCT_PRICE, PRODUCT_URL, PRODUCT_FOOTPRINT_ID) values (26, 'Cardify', '2017-07-15T21:38:48Z', 477.43, 'data:image/png;base64,iVBORw0KGgoAAAANSUhEUgAAABAAAAAQCAYAAAAf8/9hAAAABGdBTUEAAK/INwWK6QAAABl0RVh0U29mdHdhcmUAQWRvYmUgSW1hZ2VSZWFkeXHJZTwAAAKfSURBVDjLpZPrS1NhHMf9O3bOdmw.com', 26);
insert into product (id, MISSION_MISSION_NAME, PRODUCT_ACQUISITION_DATE, PRODUCT_PRICE, PRODUCT_URL, PRODUCT_FOOTPRINT_ID) values (27, 'Cardify', '2017-01-21T01:51:26Z', 837.76, 'data:image/png;base64,iVBORw0KGgoAAAANSUhEUgAAABAAAAAQCAYAAAAf8/9hAAAABGdBTUEAAK/INwWK6QAAABl0RVh0U29mdHdhcmUAQWRvYmUgSW1hZ2VSZWFkeXHJZTwAAAHISURBVDjLpVPNK0RRFP+9D98syMw.com', 27);
insert into product (id, MISSION_MISSION_NAME, PRODUCT_ACQUISITION_DATE, PRODUCT_PRICE, PRODUCT_URL, PRODUCT_FOOTPRINT_ID) values (28, 'Cardify', '2018-05-06T19:25:29Z', 613.67, 'data:image/png;base64,iVBORw0KGgoAAAANSUhEUgAAABAAAAAQCAYAAAAf8/9hAAAABGdBTUEAAK/INwWK6QAAABl0RVh0U29mdHdhcmUAQWRvYmUgSW1hZ2VSZWFkeXHJZTwAAAKVSURBVDjLZZJPaFRXFIe/92aSyYy.com', 28);
insert into product (id, MISSION_MISSION_NAME, PRODUCT_ACQUISITION_DATE, PRODUCT_PRICE, PRODUCT_URL, PRODUCT_FOOTPRINT_ID) values (29, 'Zaam-Dox', '2017-07-20T15:08:56Z', 270.58, 'data:image/png;base64,iVBORw0KGgoAAAANSUhEUgAAABAAAAAQCAQAAAC1+jfqAAAABGdBTUEAAK/INwWK6QAAABl0RVh0U29mdHdhcmUAQWRvYmUgSW1hZ2VSZWFkeXHJZTwAAAGKSURBVCjPPVFNSwJRFH1SPyR00V.com', 29);
insert into product (id, MISSION_MISSION_NAME, PRODUCT_ACQUISITION_DATE, PRODUCT_PRICE, PRODUCT_URL, PRODUCT_FOOTPRINT_ID) values (30, 'Zaam-Dox', '2017-06-13T19:48:28Z', 343.14, 'data:image/png;base64,iVBORw0KGgoAAAANSUhEUgAAABAAAAAQCAYAAAAf8/9hAAAABGdBTUEAAK/INwWK6QAAABl0RVh0U29mdHdhcmUAQWRvYmUgSW1hZ2VSZWFkeXHJZTwAAAGBSURBVDjLY/j//z8DJZhhcBoQMu.com', 30);
insert into product (id, MISSION_MISSION_NAME, PRODUCT_ACQUISITION_DATE, PRODUCT_PRICE, PRODUCT_URL, PRODUCT_FOOTPRINT_ID) values (31, 'Zaam-Dox', '2018-07-30T01:40:56Z', 406.22, 'data:image/png;base64,iVBORw0KGgoAAAANSUhEUgAAABAAAAAQCAYAAAAf8/9hAAAABGdBTUEAAK/INwWK6QAAABl0RVh0U29mdHdhcmUAQWRvYmUgSW1hZ2VSZWFkeXHJZTwAAAJvSURBVDjLhZNdSJNhFMfPM9eW+3.com', 31);
insert into product (id, MISSION_MISSION_NAME, PRODUCT_ACQUISITION_DATE, PRODUCT_PRICE, PRODUCT_URL, PRODUCT_FOOTPRINT_ID) values (32, 'Zaam-Dox', '2017-10-28T13:40:34Z', 456.78, 'data:image/png;base64,iVBORw0KGgoAAAANSUhEUgAAABAAAAAQCAYAAAAf8/9hAAAABGdBTUEAAK/INwWK6QAAABl0RVh0U29mdHdhcmUAQWRvYmUgSW1hZ2VSZWFkeXHJZTwAAAKoSURBVDjLdZPBTxNREMb5B7h41L.com', 32);
insert into product (id, MISSION_MISSION_NAME, PRODUCT_ACQUISITION_DATE, PRODUCT_PRICE, PRODUCT_URL, PRODUCT_FOOTPRINT_ID) values (33, 'Zaam-Dox', '2017-05-20T18:17:20Z', 226.65, 'data:image/png;base64,iVBORw0KGgoAAAANSUhEUgAAABAAAAAQCAYAAAAf8/9hAAAABGdBTUEAAK/INwWK6QAAABl0RVh0U29mdHdhcmUAQWRvYmUgSW1hZ2VSZWFkeXHJZTwAAAL5SURBVDjLjZNbSJNhGMd3KdRlN9.com', 33);
insert into product (id, MISSION_MISSION_NAME, PRODUCT_ACQUISITION_DATE, PRODUCT_PRICE, PRODUCT_URL, PRODUCT_FOOTPRINT_ID) values (34, 'Zaam-Dox', '2017-06-07T03:49:10Z', 849.71, 'data:image/png;base64,iVBORw0KGgoAAAANSUhEUgAAABAAAAAQCAYAAAAf8/9hAAAABGdBTUEAAK/INwWK6QAAABl0RVh0U29mdHdhcmUAQWRvYmUgSW1hZ2VSZWFkeXHJZTwAAAJYSURBVDjLY/j//z8DJRhMmJQd+x.com', 34);
insert into product (id, MISSION_MISSION_NAME, PRODUCT_ACQUISITION_DATE, PRODUCT_PRICE, PRODUCT_URL, PRODUCT_FOOTPRINT_ID) values (35, 'Zaam-Dox', '2017-12-16T23:20:12Z', 647.22, 'data:image/png;base64,iVBORw0KGgoAAAANSUhEUgAAABAAAAAQCAYAAAAf8/9hAAAABGdBTUEAAK/INwWK6QAAABl0RVh0U29mdHdhcmUAQWRvYmUgSW1hZ2VSZWFkeXHJZTwAAAIsSURBVDjLpZNdSFNhGMfPKBKvom.com', 35);
insert into product (id, MISSION_MISSION_NAME, PRODUCT_ACQUISITION_DATE, PRODUCT_PRICE, PRODUCT_URL, PRODUCT_FOOTPRINT_ID) values (36, 'Zaam-Dox', '2017-08-26T00:58:35Z', 542.73, 'data:image/png;base64,iVBORw0KGgoAAAANSUhEUgAAABAAAAAQCAYAAAAf8/9hAAAABGdBTUEAAK/INwWK6QAAABl0RVh0U29mdHdhcmUAQWRvYmUgSW1hZ2VSZWFkeXHJZTwAAAJOSURBVDjLpZI9T1RBFIaf3buAoB.com', 36);
insert into product (id, MISSION_MISSION_NAME, PRODUCT_ACQUISITION_DATE, PRODUCT_PRICE, PRODUCT_URL, PRODUCT_FOOTPRINT_ID) values (37, 'Zaam-Dox', '2017-09-05T20:52:39Z', 803.31, 'data:image/png;base64,iVBORw0KGgoAAAANSUhEUgAAABAAAAAQCAYAAAAf8/9hAAAABGdBTUEAAK/INwWK6QAAABl0RVh0U29mdHdhcmUAQWRvYmUgSW1hZ2VSZWFkeXHJZTwAAAJ3SURBVDjLnZNPaNJhGMd/ohkRQd.com', 37);
insert into product (id, MISSION_MISSION_NAME, PRODUCT_ACQUISITION_DATE, PRODUCT_PRICE, PRODUCT_URL, PRODUCT_FOOTPRINT_ID) values (38, 'Ronstring', '2018-01-05T09:24:56Z', 322.50, 'data:image/png;base64,iVBORw0KGgoAAAANSUhEUgAAABAAAAAQCAQAAAC1+jfqAAAABGdBTUEAAK/INwWK6QAAABl0RVh0U29mdHdhcmUAQWRvYmUgSW1hZ2VSZWFkeXHJZTwAAAGSSURBVCjPVVFNSwJhEF78Ad79C.com', 38);
insert into product (id, MISSION_MISSION_NAME, PRODUCT_ACQUISITION_DATE, PRODUCT_PRICE, PRODUCT_URL, PRODUCT_FOOTPRINT_ID) values (39, 'Ronstring', '2017-04-10T10:41:45Z', 813.62, 'data:image/png;base64,iVBORw0KGgoAAAANSUhEUgAAABAAAAAQCAYAAAAf8/9hAAAABGdBTUEAAK/INwWK6QAAABl0RVh0U29mdHdhcmUAQWRvYmUgSW1hZ2VSZWFkeXHJZTwAAAHvSURBVBgZpcG/S9RxHMfx5+fuq.com', 39);
insert into product (id, MISSION_MISSION_NAME, PRODUCT_ACQUISITION_DATE, PRODUCT_PRICE, PRODUCT_URL, PRODUCT_FOOTPRINT_ID) values (40, 'Ronstring', '2018-11-06T11:09:17Z', 481.70, 'data:image/png;base64,iVBORw0KGgoAAAANSUhEUgAAABAAAAAQCAYAAAAf8/9hAAAABGdBTUEAAK/INwWK6QAAABl0RVh0U29mdHdhcmUAQWRvYmUgSW1hZ2VSZWFkeXHJZTwAAAK9SURBVDjLpZNbSNNRHMf3JPYUB.com', 40);
insert into product (id, MISSION_MISSION_NAME, PRODUCT_ACQUISITION_DATE, PRODUCT_PRICE, PRODUCT_URL, PRODUCT_FOOTPRINT_ID) values (41, 'Ronstring', '2017-03-22T00:51:52Z', 808.07, 'data:image/png;base64,iVBORw0KGgoAAAANSUhEUgAAABAAAAAQCAYAAAAf8/9hAAAABGdBTUEAAK/INwWK6QAAABl0RVh0U29mdHdhcmUAQWRvYmUgSW1hZ2VSZWFkeXHJZTwAAAJPSURBVDjLpZPLS5RhFMYfv9QJl.com', 41);
insert into product (id, MISSION_MISSION_NAME, PRODUCT_ACQUISITION_DATE, PRODUCT_PRICE, PRODUCT_URL, PRODUCT_FOOTPRINT_ID) values (42, 'Ronstring', '2018-12-21T13:24:33Z', 365.67, 'data:image/png;base64,iVBORw0KGgoAAAANSUhEUgAAABAAAAAQCAYAAAAf8/9hAAAABGdBTUEAAK/INwWK6QAAABl0RVh0U29mdHdhcmUAQWRvYmUgSW1hZ2VSZWFkeXHJZTwAAALKSURBVDjLjZJbTNIBGMWpth7so.com', 42);
insert into product (id, MISSION_MISSION_NAME, PRODUCT_ACQUISITION_DATE, PRODUCT_PRICE, PRODUCT_URL, PRODUCT_FOOTPRINT_ID) values (43, 'Ronstring', '2017-07-17T02:27:56Z', 367.04, 'data:image/png;base64,iVBORw0KGgoAAAANSUhEUgAAABAAAAAQCAYAAAAf8/9hAAAABGdBTUEAAK/INwWK6QAAABl0RVh0U29mdHdhcmUAQWRvYmUgSW1hZ2VSZWFkeXHJZTwAAALQSURBVBgZBcFfaJVlHADg532/b.com', 43);
insert into product (id, MISSION_MISSION_NAME, PRODUCT_ACQUISITION_DATE, PRODUCT_PRICE, PRODUCT_URL, PRODUCT_FOOTPRINT_ID) values (44, 'Ronstring', '2018-05-05T19:45:33Z', 421.17, 'data:image/png;base64,iVBORw0KGgoAAAANSUhEUgAAABAAAAAQCAYAAAAf8/9hAAAABGdBTUEAAK/INwWK6QAAABl0RVh0U29mdHdhcmUAQWRvYmUgSW1hZ2VSZWFkeXHJZTwAAACtSURBVDjL7dIxCwFxHMbxX8mmD.com', 44);
insert into product (id, MISSION_MISSION_NAME, PRODUCT_ACQUISITION_DATE, PRODUCT_PRICE, PRODUCT_URL, PRODUCT_FOOTPRINT_ID) values (45, 'Alpha', '2017-11-21T04:29:23Z', 999.78, 'data:image/png;base64,iVBORw0KGgoAAAANSUhEUgAAABAAAAAQCAYAAAAf8/9hAAAABGdBTUEAAK/INwWK6QAAABl0RVh0U29mdHdhcmUAQWRvYmUgSW1hZ2VSZWFkeXHJZTwAAAE3SURBVDjLY/j//z8DJZhh6BgQMuWBQ.com', 45);
insert into product (id, MISSION_MISSION_NAME, PRODUCT_ACQUISITION_DATE, PRODUCT_PRICE, PRODUCT_URL, PRODUCT_FOOTPRINT_ID) values (46, 'Alpha', '2017-09-22T00:25:17Z', 860.83, 'data:image/png;base64,iVBORw0KGgoAAAANSUhEUgAAABAAAAAQCAYAAAAf8/9hAAAABGdBTUEAAK/INwWK6QAAABl0RVh0U29mdHdhcmUAQWRvYmUgSW1hZ2VSZWFkeXHJZTwAAAJnSURBVDjLpZPNS9RhEMc/z29t1d1tf.com', 46);
insert into product (id, MISSION_MISSION_NAME, PRODUCT_ACQUISITION_DATE, PRODUCT_PRICE, PRODUCT_URL, PRODUCT_FOOTPRINT_ID) values (47, 'Alpha', '2017-05-16T07:46:36Z', 813.59, 'data:image/png;base64,iVBORw0KGgoAAAANSUhEUgAAABAAAAAQCAYAAAAf8/9hAAAABGdBTUEAAK/INwWK6QAAABl0RVh0U29mdHdhcmUAQWRvYmUgSW1hZ2VSZWFkeXHJZTwAAAKASURBVDjLjZJfaFJRHMf3sOhlSG8Rv.com', 47);
insert into product (id, MISSION_MISSION_NAME, PRODUCT_ACQUISITION_DATE, PRODUCT_PRICE, PRODUCT_URL, PRODUCT_FOOTPRINT_ID) values (48, 'Alpha', '2018-02-19T01:51:12Z', 776.41, 'data:image/png;base64,iVBORw0KGgoAAAANSUhEUgAAABAAAAAQCAYAAAAf8/9hAAAABGdBTUEAAK/INwWK6QAAABl0RVh0U29mdHdhcmUAQWRvYmUgSW1hZ2VSZWFkeXHJZTwAAAJGSURBVDjLzZNvLNRxHMc96qGt5z3uH.com', 48);
insert into product (id, MISSION_MISSION_NAME, PRODUCT_ACQUISITION_DATE, PRODUCT_PRICE, PRODUCT_URL, PRODUCT_FOOTPRINT_ID) values (49, 'Alpha', '2018-05-06T22:04:30Z', 386.31, 'data:image/png;base64,iVBORw0KGgoAAAANSUhEUgAAABAAAAAQCAQAAAC1+jfqAAAABGdBTUEAAK/INwWK6QAAABl0RVh0U29mdHdhcmUAQWRvYmUgSW1hZ2VSZWFkeXHJZTwAAADCSURBVCjPvdCxDYMwEAXQkyhoEBGKI.com', 49);
insert into product (id, MISSION_MISSION_NAME, PRODUCT_ACQUISITION_DATE, PRODUCT_PRICE, PRODUCT_URL, PRODUCT_FOOTPRINT_ID) values (50, 'Alpha', '2017-12-05T21:13:21Z', 393.15, 'data:image/png;base64,iVBORw0KGgoAAAANSUhEUgAAABAAAAAQCAYAAAAf8/9hAAAABGdBTUEAAK/INwWK6QAAABl0RVh0U29mdHdhcmUAQWRvYmUgSW1hZ2VSZWFkeXHJZTwAAAEMSURBVDjL3ZLBSgJRFIYvtO0BfIPeI.com', 50);
insert into product (id, MISSION_MISSION_NAME, PRODUCT_ACQUISITION_DATE, PRODUCT_PRICE, PRODUCT_URL, PRODUCT_FOOTPRINT_ID) values (51, 'Alpha', '2017-08-31T04:16:44Z', 687.16, 'data:image/png;base64,iVBORw0KGgoAAAANSUhEUgAAABAAAAAQCAYAAAAf8/9hAAAABGdBTUEAAK/INwWK6QAAABl0RVh0U29mdHdhcmUAQWRvYmUgSW1hZ2VSZWFkeXHJZTwAAAIbSURBVDjLpZNfZNVhGMc/7/v7nTq1P.com', 51);
insert into product (id, MISSION_MISSION_NAME, PRODUCT_ACQUISITION_DATE, PRODUCT_PRICE, PRODUCT_URL, PRODUCT_FOOTPRINT_ID) values (52, 'Alpha', '2018-11-05T18:37:08Z', 936.97, 'data:image/png;base64,iVBORw0KGgoAAAANSUhEUgAAABAAAAAQCAYAAAAf8/9hAAAABGdBTUEAAK/INwWK6QAAABl0RVh0U29mdHdhcmUAQWRvYmUgSW1hZ2VSZWFkeXHJZTwAAAJRSURBVBgZBcExiJZlHADw3/O+732en.com', 52);
insert into product (id, MISSION_MISSION_NAME, PRODUCT_ACQUISITION_DATE, PRODUCT_PRICE, PRODUCT_URL, PRODUCT_FOOTPRINT_ID) values (53, 'Alpha', '2018-04-18T00:40:37Z', 965.96, 'data:image/png;base64,iVBORw0KGgoAAAANSUhEUgAAABAAAAAQCAQAAAC1+jfqAAAABGdBTUEAAK/INwWK6QAAABl0RVh0U29mdHdhcmUAQWRvYmUgSW1hZ2VSZWFkeXHJZTwAAADwSURBVCjPpdGhSwNhHMbxX93f8WpRs.com', 53);
insert into product (id, MISSION_MISSION_NAME, PRODUCT_ACQUISITION_DATE, PRODUCT_PRICE, PRODUCT_URL, PRODUCT_FOOTPRINT_ID) values (54, 'Alpha', '2018-08-15T17:24:52Z', 453.41, 'data:image/png;base64,iVBORw0KGgoAAAANSUhEUgAAABAAAAAQCAYAAAAf8/9hAAAABGdBTUEAAK/INwWK6QAAABl0RVh0U29mdHdhcmUAQWRvYmUgSW1hZ2VSZWFkeXHJZTwAAAIwSURBVDjLlZLNS5RRFMafe9/3vjPOj.com', 54);
insert into product (id, MISSION_MISSION_NAME, PRODUCT_ACQUISITION_DATE, PRODUCT_PRICE, PRODUCT_URL, PRODUCT_FOOTPRINT_ID) values (55, 'Alpha', '2018-11-29T21:13:35Z', 545.42, 'data:image/png;base64,iVBORw0KGgoAAAANSUhEUgAAABAAAAAQCAYAAAAf8/9hAAAABGdBTUEAAK/INwWK6QAAABl0RVh0U29mdHdhcmUAQWRvYmUgSW1hZ2VSZWFkeXHJZTwAAAKZSURBVDjLhVPfa1JRAL5PPfTWyx7WS.com', 55);
insert into product (id, MISSION_MISSION_NAME, PRODUCT_ACQUISITION_DATE, PRODUCT_PRICE, PRODUCT_URL, PRODUCT_FOOTPRINT_ID) values (56, 'Alpha', '2018-03-31T14:18:41Z', 398.38, 'data:image/png;base64,iVBORw0KGgoAAAANSUhEUgAAABAAAAAQCAYAAAAf8/9hAAAABGdBTUEAAK/INwWK6QAAABl0RVh0U29mdHdhcmUAQWRvYmUgSW1hZ2VSZWFkeXHJZTwAAAImSURBVDjLjZLda9JRGMf3b3TTdTcFX.com', 56);
insert into product (id, MISSION_MISSION_NAME, PRODUCT_ACQUISITION_DATE, PRODUCT_PRICE, PRODUCT_URL, PRODUCT_FOOTPRINT_ID) values (57, 'Cardguard', '2017-05-25T13:50:37Z', 944.06, 'data:image/png;base64,iVBORw0KGgoAAAANSUhEUgAAABAAAAAQCAYAAAAf8/9hAAAABGdBTUEAAK/INwWK6QAAABl0RVh0U29mdHdhcmUAQWRvYmUgSW1hZ2VSZWFkeXHJZTwAAAMoSURBVDjLndPLb5RVHMbx5515p.com', 57);
insert into product (id, MISSION_MISSION_NAME, PRODUCT_ACQUISITION_DATE, PRODUCT_PRICE, PRODUCT_URL, PRODUCT_FOOTPRINT_ID) values (58, 'Cardguard', '2018-03-06T16:31:28Z', 626.82, 'data:image/png;base64,iVBORw0KGgoAAAANSUhEUgAAABAAAAAQCAYAAAAf8/9hAAAABGdBTUEAAK/INwWK6QAAABl0RVh0U29mdHdhcmUAQWRvYmUgSW1hZ2VSZWFkeXHJZTwAAAKXSURBVDjLpZNdSFNhGMefdzues.com', 58);
insert into product (id, MISSION_MISSION_NAME, PRODUCT_ACQUISITION_DATE, PRODUCT_PRICE, PRODUCT_URL, PRODUCT_FOOTPRINT_ID) values (59, 'Cardguard', '2017-05-31T05:25:10Z', 74.84, 'data:image/png;base64,iVBORw0KGgoAAAANSUhEUgAAABAAAAAQCAYAAAAf8/9hAAAABGdBTUEAAK/INwWK6QAAABl0RVh0U29mdHdhcmUAQWRvYmUgSW1hZ2VSZWFkeXHJZTwAAALvSURBVDjLZZJdSFNhGMf/5+zo2p.com', 59);
insert into product (id, MISSION_MISSION_NAME, PRODUCT_ACQUISITION_DATE, PRODUCT_PRICE, PRODUCT_URL, PRODUCT_FOOTPRINT_ID) values (60, 'Cardguard', '2018-09-14T21:44:09Z', 824.07, 'data:image/png;base64,iVBORw0KGgoAAAANSUhEUgAAABAAAAAQCAYAAAAf8/9hAAAABGdBTUEAAK/INwWK6QAAABl0RVh0U29mdHdhcmUAQWRvYmUgSW1hZ2VSZWFkeXHJZTwAAAKoSURBVDjLpVM9TFNRFP7ubWvb1.com', 60);
insert into product (id, MISSION_MISSION_NAME, PRODUCT_ACQUISITION_DATE, PRODUCT_PRICE, PRODUCT_URL, PRODUCT_FOOTPRINT_ID) values (61, 'Cardguard', '2018-12-15T18:55:38Z', 950.05, 'data:image/png;base64,iVBORw0KGgoAAAANSUhEUgAAABAAAAAQCAYAAAAf8/9hAAAABGdBTUEAAK/INwWK6QAAABl0RVh0U29mdHdhcmUAQWRvYmUgSW1hZ2VSZWFkeXHJZTwAAALASURBVDjLjZNJTFNRGIW7ZOFON.com', 61);
insert into product (id, MISSION_MISSION_NAME, PRODUCT_ACQUISITION_DATE, PRODUCT_PRICE, PRODUCT_URL, PRODUCT_FOOTPRINT_ID) values (62, 'Cardguard', '2018-07-12T11:21:13Z', 944.02, 'data:image/png;base64,iVBORw0KGgoAAAANSUhEUgAAABAAAAAQCAYAAAAf8/9hAAAABGdBTUEAAK/INwWK6QAAABl0RVh0U29mdHdhcmUAQWRvYmUgSW1hZ2VSZWFkeXHJZTwAAAE0SURBVDjLtZHPSgJRGMXdzmPM8.com', 62);
insert into product (id, MISSION_MISSION_NAME, PRODUCT_ACQUISITION_DATE, PRODUCT_PRICE, PRODUCT_URL, PRODUCT_FOOTPRINT_ID) values (63, 'Cardguard', '2018-09-28T21:45:21Z', 978.33, 'data:image/png;base64,iVBORw0KGgoAAAANSUhEUgAAABAAAAAQCAYAAAAf8/9hAAAABGdBTUEAAK/INwWK6QAAABl0RVh0U29mdHdhcmUAQWRvYmUgSW1hZ2VSZWFkeXHJZTwAAAMPSURBVDjLpZPba5tlAMZ/75cva.com', 63);
insert into product (id, MISSION_MISSION_NAME, PRODUCT_ACQUISITION_DATE, PRODUCT_PRICE, PRODUCT_URL, PRODUCT_FOOTPRINT_ID) values (64, 'Cardguard', '2017-03-11T04:15:35Z', 836.16, 'data:image/png;base64,iVBORw0KGgoAAAANSUhEUgAAABAAAAAQCAQAAAC1+jfqAAAABGdBTUEAAK/INwWK6QAAABl0RVh0U29mdHdhcmUAQWRvYmUgSW1hZ2VSZWFkeXHJZTwAAAC6SURBVCjPfdHhDoIgFAVg6jlq6.com', 64);
insert into product (id, MISSION_MISSION_NAME, PRODUCT_ACQUISITION_DATE, PRODUCT_PRICE, PRODUCT_URL, PRODUCT_FOOTPRINT_ID) values (65, 'Cardguard', '2017-06-02T21:56:52Z', 902.77, 'data:image/png;base64,iVBORw0KGgoAAAANSUhEUgAAABAAAAAQCAYAAAAf8/9hAAAABGdBTUEAAK/INwWK6QAAABl0RVh0U29mdHdhcmUAQWRvYmUgSW1hZ2VSZWFkeXHJZTwAAALZSURBVBgZBcFLiFVlAADg7zzuP.com', 65);
insert into product (id, MISSION_MISSION_NAME, PRODUCT_ACQUISITION_DATE, PRODUCT_PRICE, PRODUCT_URL, PRODUCT_FOOTPRINT_ID) values (66, 'Cardguard', '2017-08-24T15:36:17Z', 611.42, 'data:image/png;base64,iVBORw0KGgoAAAANSUhEUgAAABAAAAAQCAYAAAAf8/9hAAAABGdBTUEAAK/INwWK6QAAABl0RVh0U29mdHdhcmUAQWRvYmUgSW1hZ2VSZWFkeXHJZTwAAAH0SURBVDjLxdPPS9tgGAfwgH/AT.com', 66);
insert into product (id, MISSION_MISSION_NAME, PRODUCT_ACQUISITION_DATE, PRODUCT_PRICE, PRODUCT_URL, PRODUCT_FOOTPRINT_ID) values (67, 'Cardguard', '2017-11-23T15:28:21Z', 234.87, 'data:image/png;base64,iVBORw0KGgoAAAANSUhEUgAAABAAAAAQCAYAAAAf8/9hAAAABGdBTUEAAK/INwWK6QAAABl0RVh0U29mdHdhcmUAQWRvYmUgSW1hZ2VSZWFkeXHJZTwAAAIxSURBVDjLpdNdSFNhGAfww0Cri.com', 67);
insert into product (id, MISSION_MISSION_NAME, PRODUCT_ACQUISITION_DATE, PRODUCT_PRICE, PRODUCT_URL, PRODUCT_FOOTPRINT_ID) values (68, 'Bytecard', '2017-07-29T04:35:05Z', 719.13, 'data:image/png;base64,iVBORw0KGgoAAAANSUhEUgAAABAAAAAQCAYAAAAf8/9hAAAABGdBTUEAAK/INwWK6QAAABl0RVh0U29mdHdhcmUAQWRvYmUgSW1hZ2VSZWFkeXHJZTwAAAKoSURBVDjLpZLbT5JhHMdZ1/VP1C.com', 68);
insert into product (id, MISSION_MISSION_NAME, PRODUCT_ACQUISITION_DATE, PRODUCT_PRICE, PRODUCT_URL, PRODUCT_FOOTPRINT_ID) values (69, 'Bytecard', '2018-10-27T00:21:07Z', 203.80, 'data:image/png;base64,iVBORw0KGgoAAAANSUhEUgAAABAAAAAQCAYAAAAf8/9hAAAABGdBTUEAAK/INwWK6QAAABl0RVh0U29mdHdhcmUAQWRvYmUgSW1hZ2VSZWFkeXHJZTwAAAKiSURBVDjLpVNdSBRhFD07M7nF+r.com', 69);
insert into product (id, MISSION_MISSION_NAME, PRODUCT_ACQUISITION_DATE, PRODUCT_PRICE, PRODUCT_URL, PRODUCT_FOOTPRINT_ID) values (70, 'Bytecard', '2017-09-07T13:27:01Z', 730.59, 'data:image/png;base64,iVBORw0KGgoAAAANSUhEUgAAABAAAAAQCAYAAAAf8/9hAAAABGdBTUEAAK/INwWK6QAAABl0RVh0U29mdHdhcmUAQWRvYmUgSW1hZ2VSZWFkeXHJZTwAAAJfSURBVDjLpZNrSFNhGMelD34op6.com', 70);
insert into product (id, MISSION_MISSION_NAME, PRODUCT_ACQUISITION_DATE, PRODUCT_PRICE, PRODUCT_URL, PRODUCT_FOOTPRINT_ID) values (71, 'Bytecard', '2017-08-16T00:52:57Z', 446.12, 'data:image/png;base64,iVBORw0KGgoAAAANSUhEUgAAABAAAAAQCAYAAAAf8/9hAAAABGdBTUEAAK/INwWK6QAAABl0RVh0U29mdHdhcmUAQWRvYmUgSW1hZ2VSZWFkeXHJZTwAAAJgSURBVDjLY/j//z8DJZgsTV+9fA.com', 71);
insert into product (id, MISSION_MISSION_NAME, PRODUCT_ACQUISITION_DATE, PRODUCT_PRICE, PRODUCT_URL, PRODUCT_FOOTPRINT_ID) values (72, 'Bytecard', '2017-01-03T19:45:05Z', 481.20, 'data:image/png;base64,iVBORw0KGgoAAAANSUhEUgAAABAAAAAQCAQAAAC1+jfqAAAABGdBTUEAAK/INwWK6QAAABl0RVh0U29mdHdhcmUAQWRvYmUgSW1hZ2VSZWFkeXHJZTwAAAGSSURBVCjPVVFNSwJhEF78Ad79Cf.com', 72);
insert into product (id, MISSION_MISSION_NAME, PRODUCT_ACQUISITION_DATE, PRODUCT_PRICE, PRODUCT_URL, PRODUCT_FOOTPRINT_ID) values (73, 'Bytecard', '2017-05-20T22:49:21Z', 665.68, 'data:image/png;base64,iVBORw0KGgoAAAANSUhEUgAAABAAAAAQCAYAAAAf8/9hAAAABGdBTUEAAK/INwWK6QAAABl0RVh0U29mdHdhcmUAQWRvYmUgSW1hZ2VSZWFkeXHJZTwAAAJuSURBVBgZpcH7a05xHMDx9/ecI/.com', 73);
insert into product (id, MISSION_MISSION_NAME, PRODUCT_ACQUISITION_DATE, PRODUCT_PRICE, PRODUCT_URL, PRODUCT_FOOTPRINT_ID) values (74, 'Bytecard', '2017-10-29T04:38:02Z', 771.44, 'data:image/png;base64,iVBORw0KGgoAAAANSUhEUgAAABAAAAAQCAYAAAAf8/9hAAAABGdBTUEAAK/INwWK6QAAABl0RVh0U29mdHdhcmUAQWRvYmUgSW1hZ2VSZWFkeXHJZTwAAAKRSURBVDjLpZNrSNNRGIeVuaSLrW.com', 74);
insert into product (id, MISSION_MISSION_NAME, PRODUCT_ACQUISITION_DATE, PRODUCT_PRICE, PRODUCT_URL, PRODUCT_FOOTPRINT_ID) values (75, 'Bytecard', '2017-01-24T17:55:26Z', 495.56, 'data:image/png;base64,iVBORw0KGgoAAAANSUhEUgAAABAAAAAQCAYAAAAf8/9hAAAABGdBTUEAAK/INwWK6QAAABl0RVh0U29mdHdhcmUAQWRvYmUgSW1hZ2VSZWFkeXHJZTwAAAJGSURBVDjLpZNLbMxxEMc//+42Sh.com', 75);
insert into product (id, MISSION_MISSION_NAME, PRODUCT_ACQUISITION_DATE, PRODUCT_PRICE, PRODUCT_URL, PRODUCT_FOOTPRINT_ID) values (76, 'Bytecard', '2017-11-26T03:21:43Z', 330.62, 'data:image/png;base64,iVBORw0KGgoAAAANSUhEUgAAABAAAAAQCAYAAAAf8/9hAAAABGdBTUEAAK/INwWK6QAAABl0RVh0U29mdHdhcmUAQWRvYmUgSW1hZ2VSZWFkeXHJZTwAAAFOSURBVDjLtVK7SgNRED0b9iuM2l.com', 76);
insert into product (id, MISSION_MISSION_NAME, PRODUCT_ACQUISITION_DATE, PRODUCT_PRICE, PRODUCT_URL, PRODUCT_FOOTPRINT_ID) values (77, 'Bytecard', '2018-12-05T19:09:31Z', 262.76, 'data:image/png;base64,iVBORw0KGgoAAAANSUhEUgAAABAAAAAQCAYAAAAf8/9hAAAABGdBTUEAAK/INwWK6QAAABl0RVh0U29mdHdhcmUAQWRvYmUgSW1hZ2VSZWFkeXHJZTwAAAJZSURBVDjLpVJda5JhGPYH9Ac66b.com', 77);
insert into product (id, MISSION_MISSION_NAME, PRODUCT_ACQUISITION_DATE, PRODUCT_PRICE, PRODUCT_URL, PRODUCT_FOOTPRINT_ID) values (78, 'Trippledex', '2018-07-21T04:33:52Z', 73.50, 'data:image/png;base64,iVBORw0KGgoAAAANSUhEUgAAABAAAAAQCAYAAAAf8/9hAAAABGdBTUEAAK/INwWK6QAAABl0RVh0U29mdHdhcmUAQWRvYmUgSW1hZ2VSZWFkeXHJZTwAAAHySURBVDjLpVNBaxpBGH2z7rrb6.com', 78);
insert into product (id, MISSION_MISSION_NAME, PRODUCT_ACQUISITION_DATE, PRODUCT_PRICE, PRODUCT_URL, PRODUCT_FOOTPRINT_ID) values (79, 'Trippledex', '2017-09-06T14:34:32Z', 375.03, 'data:image/png;base64,iVBORw0KGgoAAAANSUhEUgAAABAAAAAQCAYAAAAf8/9hAAAABGdBTUEAAK/INwWK6QAAABl0RVh0U29mdHdhcmUAQWRvYmUgSW1hZ2VSZWFkeXHJZTwAAAKFSURBVDjLpVPfSxRRFP52Z3aX.com', 79);
insert into product (id, MISSION_MISSION_NAME, PRODUCT_ACQUISITION_DATE, PRODUCT_PRICE, PRODUCT_URL, PRODUCT_FOOTPRINT_ID) values (80, 'Trippledex', '2017-11-12T16:14:25Z', 676.12, 'data:image/png;base64,iVBORw0KGgoAAAANSUhEUgAAABAAAAAQCAYAAAAf8/9hAAAABGdBTUEAAK/INwWK6QAAABl0RVh0U29mdHdhcmUAQWRvYmUgSW1hZ2VSZWFkeXHJZTwAAAF6SURBVDjLjZO/S8NAFMe/l8Q0.com', 80);
insert into product (id, MISSION_MISSION_NAME, PRODUCT_ACQUISITION_DATE, PRODUCT_PRICE, PRODUCT_URL, PRODUCT_FOOTPRINT_ID) values (81, 'Trippledex', '2017-11-05T08:15:27Z', 752.79, 'data:image/png;base64,iVBORw0KGgoAAAANSUhEUgAAABAAAAAQCAYAAAAf8/9hAAAABGdBTUEAAK/INwWK6QAAABl0RVh0U29mdHdhcmUAQWRvYmUgSW1hZ2VSZWFkeXHJZTwAAAIsSURBVDjLpVNLSJQBEP7+h6uu.com', 81);
insert into product (id, MISSION_MISSION_NAME, PRODUCT_ACQUISITION_DATE, PRODUCT_PRICE, PRODUCT_URL, PRODUCT_FOOTPRINT_ID) values (82, 'Trippledex', '2017-12-08T09:53:20Z', 993.39, 'data:image/png;base64,iVBORw0KGgoAAAANSUhEUgAAABAAAAAQCAYAAAAf8/9hAAAABGdBTUEAAK/INwWK6QAAABl0RVh0U29mdHdhcmUAQWRvYmUgSW1hZ2VSZWFkeXHJZTwAAAL3SURBVDjLdVPdT5JRHGb+Ad57.com', 82);
insert into product (id, MISSION_MISSION_NAME, PRODUCT_ACQUISITION_DATE, PRODUCT_PRICE, PRODUCT_URL, PRODUCT_FOOTPRINT_ID) values (83, 'Trippledex', '2017-03-12T09:15:43Z', 753.54, 'data:image/png;base64,iVBORw0KGgoAAAANSUhEUgAAABAAAAAQCAYAAAAf8/9hAAAABGdBTUEAAK/INwWK6QAAABl0RVh0U29mdHdhcmUAQWRvYmUgSW1hZ2VSZWFkeXHJZTwAAAJGSURBVDjLpZNLTxpRFMdd+EX8.com', 83);
insert into product (id, MISSION_MISSION_NAME, PRODUCT_ACQUISITION_DATE, PRODUCT_PRICE, PRODUCT_URL, PRODUCT_FOOTPRINT_ID) values (84, 'Trippledex', '2017-12-27T07:45:33Z', 827.34, 'data:image/png;base64,iVBORw0KGgoAAAANSUhEUgAAABAAAAAQCAYAAAAf8/9hAAAABGdBTUEAAK/INwWK6QAAABl0RVh0U29mdHdhcmUAQWRvYmUgSW1hZ2VSZWFkeXHJZTwAAAJMSURBVDjL3ZJfaJJRGMaFYBdF.com', 84);
insert into product (id, MISSION_MISSION_NAME, PRODUCT_ACQUISITION_DATE, PRODUCT_PRICE, PRODUCT_URL, PRODUCT_FOOTPRINT_ID) values (85, 'Trippledex', '2017-11-28T11:12:21Z', 394.98, 'data:image/png;base64,iVBORw0KGgoAAAANSUhEUgAAABAAAAAQCAYAAAAf8/9hAAAABGdBTUEAAK/INwWK6QAAABl0RVh0U29mdHdhcmUAQWRvYmUgSW1hZ2VSZWFkeXHJZTwAAAI2SURBVDjLhVPfa1JRHPepnnrr.com', 85);
insert into product (id, MISSION_MISSION_NAME, PRODUCT_ACQUISITION_DATE, PRODUCT_PRICE, PRODUCT_URL, PRODUCT_FOOTPRINT_ID) values (86, 'Trippledex', '2017-05-29T14:23:20Z', 73.74, 'data:image/png;base64,iVBORw0KGgoAAAANSUhEUgAAABAAAAAQCAYAAAAf8/9hAAAABGdBTUEAAK/INwWK6QAAABl0RVh0U29mdHdhcmUAQWRvYmUgSW1hZ2VSZWFkeXHJZTwAAAKtSURBVDjLpZPrT5JRHMfdetn/4.com', 86);
insert into product (id, MISSION_MISSION_NAME, PRODUCT_ACQUISITION_DATE, PRODUCT_PRICE, PRODUCT_URL, PRODUCT_FOOTPRINT_ID) values (87, 'Job', '2017-08-09T09:08:15Z', 872.98, 'data:image/png;base64,iVBORw0KGgoAAAANSUhEUgAAABAAAAAQCAYAAAAf8/9hAAAABGdBTUEAAK/INwWK6QAAABl0RVh0U29mdHdhcmUAQWRvYmUgSW1hZ2VSZWFkeXHJZTwAAAITSURBVDjLlZLNi1JhFMaHiP6AvN0Ls4v.com', 87);
insert into product (id, MISSION_MISSION_NAME, PRODUCT_ACQUISITION_DATE, PRODUCT_PRICE, PRODUCT_URL, PRODUCT_FOOTPRINT_ID) values (88, 'Job', '2018-12-01T20:30:56Z', 414.68, 'data:image/png;base64,iVBORw0KGgoAAAANSUhEUgAAABAAAAAQCAYAAAAf8/9hAAAABGdBTUEAAK/INwWK6QAAABl0RVh0U29mdHdhcmUAQWRvYmUgSW1hZ2VSZWFkeXHJZTwAAAKlSURBVDjLjZLdS5pxFMe9aAy2cLvbvzF.com', 88);
insert into product (id, MISSION_MISSION_NAME, PRODUCT_ACQUISITION_DATE, PRODUCT_PRICE, PRODUCT_URL, PRODUCT_FOOTPRINT_ID) values (89, 'Job', '2018-03-28T18:56:55Z', 851.34, 'data:image/png;base64,iVBORw0KGgoAAAANSUhEUgAAABAAAAAQCAYAAAAf8/9hAAAABGdBTUEAAK/INwWK6QAAABl0RVh0U29mdHdhcmUAQWRvYmUgSW1hZ2VSZWFkeXHJZTwAAAJfSURBVDjLpVNNiFJRFD6O4j8EMpoMTGU.com', 89);
insert into product (id, MISSION_MISSION_NAME, PRODUCT_ACQUISITION_DATE, PRODUCT_PRICE, PRODUCT_URL, PRODUCT_FOOTPRINT_ID) values (90, 'Job', '2017-09-06T13:41:40Z', 233.71, 'data:image/png;base64,iVBORw0KGgoAAAANSUhEUgAAABAAAAAQCAYAAAAf8/9hAAAABGdBTUEAAK/INwWK6QAAABl0RVh0U29mdHdhcmUAQWRvYmUgSW1hZ2VSZWFkeXHJZTwAAADzSURBVDjLY/z//z8DJYCJgUJAsQEsMEZ.com', 90);
insert into product (id, MISSION_MISSION_NAME, PRODUCT_ACQUISITION_DATE, PRODUCT_PRICE, PRODUCT_URL, PRODUCT_FOOTPRINT_ID) values (91, 'Job', '2017-11-23T17:31:39Z', 606.94, 'data:image/png;base64,iVBORw0KGgoAAAANSUhEUgAAABAAAAAQCAYAAAAf8/9hAAAABGdBTUEAAK/INwWK6QAAABl0RVh0U29mdHdhcmUAQWRvYmUgSW1hZ2VSZWFkeXHJZTwAAAJUSURBVDjLpZNbaJJhHMZHUES51Soiqss.com', 91);
insert into product (id, MISSION_MISSION_NAME, PRODUCT_ACQUISITION_DATE, PRODUCT_PRICE, PRODUCT_URL, PRODUCT_FOOTPRINT_ID) values (92, 'Job', '2017-05-25T19:40:25Z', 75.60, 'data:image/png;base64,iVBORw0KGgoAAAANSUhEUgAAABAAAAAQCAYAAAAf8/9hAAAABGdBTUEAAK/INwWK6QAAABl0RVh0U29mdHdhcmUAQWRvYmUgSW1hZ2VSZWFkeXHJZTwAAAF5SURBVDjLpZMxa5RBEIafvdu7RPCMhYLB.com', 92);
insert into product (id, MISSION_MISSION_NAME, PRODUCT_ACQUISITION_DATE, PRODUCT_PRICE, PRODUCT_URL, PRODUCT_FOOTPRINT_ID) values (93, 'Job', '2017-12-23T19:20:55Z', 604.96, 'data:image/png;base64,iVBORw0KGgoAAAANSUhEUgAAABAAAAAQCAYAAAAf8/9hAAAABGdBTUEAAK/INwWK6QAAABl0RVh0U29mdHdhcmUAQWRvYmUgSW1hZ2VSZWFkeXHJZTwAAAHWSURBVDjLzZPdS1NxGMf3L3TbXV5EEN5.com', 93);
insert into product (id, MISSION_MISSION_NAME, PRODUCT_ACQUISITION_DATE, PRODUCT_PRICE, PRODUCT_URL, PRODUCT_FOOTPRINT_ID) values (94, 'Job', '2018-01-10T21:15:14Z', 451.27, 'data:image/png;base64,iVBORw0KGgoAAAANSUhEUgAAABAAAAAQCAYAAAAf8/9hAAAABGdBTUEAAK/INwWK6QAAABl0RVh0U29mdHdhcmUAQWRvYmUgSW1hZ2VSZWFkeXHJZTwAAAKFSURBVDjLfZNNSFRRFMd/b96Mb0ZHEbF.com', 94);
insert into product (id, MISSION_MISSION_NAME, PRODUCT_ACQUISITION_DATE, PRODUCT_PRICE, PRODUCT_URL, PRODUCT_FOOTPRINT_ID) values (95, 'Job', '2018-09-11T13:45:17Z', 400.66, 'data:image/png;base64,iVBORw0KGgoAAAANSUhEUgAAABAAAAAQCAYAAAAf8/9hAAAABGdBTUEAAK/INwWK6QAAABl0RVh0U29mdHdhcmUAQWRvYmUgSW1hZ2VSZWFkeXHJZTwAAAHxSURBVDjLpZPLa1NREIe/PKhSNK2g9UE.com', 95);
insert into product (id, MISSION_MISSION_NAME, PRODUCT_ACQUISITION_DATE, PRODUCT_PRICE, PRODUCT_URL, PRODUCT_FOOTPRINT_ID) values (96, 'Job', '2017-05-26T22:22:31Z', 211.22, 'data:image/png;base64,iVBORw0KGgoAAAANSUhEUgAAABAAAAAQCAYAAAAf8/9hAAAABGdBTUEAAK/INwWK6QAAABl0RVh0U29mdHdhcmUAQWRvYmUgSW1hZ2VSZWFkeXHJZTwAAAIiSURBVBgZpcHfa81hHMDx9/l+n82x0za.com', 96);
insert into product (id, MISSION_MISSION_NAME, PRODUCT_ACQUISITION_DATE, PRODUCT_PRICE, PRODUCT_URL, PRODUCT_FOOTPRINT_ID) values (97, 'Job', '2018-02-18T20:24:39Z', 467.07, 'data:image/png;base64,iVBORw0KGgoAAAANSUhEUgAAABAAAAAQCAYAAAAf8/9hAAAABGdBTUEAAK/INwWK6QAAABl0RVh0U29mdHdhcmUAQWRvYmUgSW1hZ2VSZWFkeXHJZTwAAANZSURBVDjLVZN7TFNnGIdPTMwSY/aHyTJ.com', 97);
insert into product (id, MISSION_MISSION_NAME, PRODUCT_ACQUISITION_DATE, PRODUCT_PRICE, PRODUCT_URL, PRODUCT_FOOTPRINT_ID) values (98, 'Job', '2017-10-23T08:44:59Z', 132.82, 'data:image/png;base64,iVBORw0KGgoAAAANSUhEUgAAABAAAAAQCAYAAAAf8/9hAAAABGdBTUEAAK/INwWK6QAAABl0RVh0U29mdHdhcmUAQWRvYmUgSW1hZ2VSZWFkeXHJZTwAAAJVSURBVDjLpZNLSJRhFIafGf/QTJ008zKKI.com', 98);
insert into product (id, MISSION_MISSION_NAME, PRODUCT_ACQUISITION_DATE, PRODUCT_PRICE, PRODUCT_URL, PRODUCT_FOOTPRINT_ID) values (99, 'Job', '2017-11-18T22:48:56Z', 370.24, 'data:image/png;base64,iVBORw0KGgoAAAANSUhEUgAAABAAAAAQCAQAAAC1+jfqAAAABGdBTUEAAK/INwWK6QAAABl0RVh0U29mdHdhcmUAQWRvYmUgSW1hZ2VSZWFkeXHJZTwAAACzSURBVCjPY/jPgB8yEKmg0aHxf93/6jPlR.com', 99);
insert into product (id, MISSION_MISSION_NAME, PRODUCT_ACQUISITION_DATE, PRODUCT_PRICE, PRODUCT_URL, PRODUCT_FOOTPRINT_ID) values (100, 'Job', '2018-11-04T06:53:36Z', 497.00, 'data:image/png;base64,iVBORw0KGgoAAAANSUhEUgAAABAAAAAQCAYAAAAf8/9hAAAABGdBTUEAAK/INwWK6QAAABl0RVh0U29mdHdhcmUAQWRvYmUgSW1hZ2VSZWFkeXHJZTwAAAJISURBVDjLpZPfa1JhGMftuqvC41l1Hf0J.com', 100);

UPDATE product_footprint SET product_id = 1 WHERE id =  1;
UPDATE product_footprint SET product_id = 2 WHERE id =  2;
UPDATE product_footprint SET product_id = 3 WHERE id =  3;
UPDATE product_footprint SET product_id = 4 WHERE id =  4;
UPDATE product_footprint SET product_id = 5 WHERE id =  5;
UPDATE product_footprint SET product_id = 6 WHERE id =  6;
UPDATE product_footprint SET product_id = 7 WHERE id =  7;
UPDATE product_footprint SET product_id = 8 WHERE id =  8;
UPDATE product_footprint SET product_id = 9 WHERE id =  9;
UPDATE product_footprint SET product_id = 10 WHERE id = 10;
UPDATE product_footprint SET product_id = 11 WHERE id = 11;
UPDATE product_footprint SET product_id = 12 WHERE id = 12;
UPDATE product_footprint SET product_id = 13 WHERE id = 13;
UPDATE product_footprint SET product_id = 14 WHERE id = 14;
UPDATE product_footprint SET product_id = 15 WHERE id = 15;
UPDATE product_footprint SET product_id = 16 WHERE id = 16;
UPDATE product_footprint SET product_id = 17 WHERE id = 17;
UPDATE product_footprint SET product_id = 18 WHERE id = 18;
UPDATE product_footprint SET product_id = 19 WHERE id = 19;
UPDATE product_footprint SET product_id = 20 WHERE id = 20;
UPDATE product_footprint SET product_id = 21 WHERE id = 21;
UPDATE product_footprint SET product_id = 22 WHERE id = 22;
UPDATE product_footprint SET product_id = 23 WHERE id = 23;
UPDATE product_footprint SET product_id = 24 WHERE id = 24;
UPDATE product_footprint SET product_id = 25 WHERE id = 25;
UPDATE product_footprint SET product_id = 26 WHERE id = 26;
UPDATE product_footprint SET product_id = 27 WHERE id = 27;
UPDATE product_footprint SET product_id = 28 WHERE id = 28;
UPDATE product_footprint SET product_id = 29 WHERE id = 29;
UPDATE product_footprint SET product_id = 30 WHERE id = 30;
UPDATE product_footprint SET product_id = 31 WHERE id = 31;
UPDATE product_footprint SET product_id = 32 WHERE id = 32;
UPDATE product_footprint SET product_id = 33 WHERE id = 33;
UPDATE product_footprint SET product_id = 34 WHERE id = 34;
UPDATE product_footprint SET product_id = 35 WHERE id = 35;
UPDATE product_footprint SET product_id = 36 WHERE id = 36;
UPDATE product_footprint SET product_id = 37 WHERE id = 37;
UPDATE product_footprint SET product_id = 38 WHERE id = 38;
UPDATE product_footprint SET product_id = 39 WHERE id = 39;
UPDATE product_footprint SET product_id = 40 WHERE id = 40;
UPDATE product_footprint SET product_id = 41 WHERE id = 41;
UPDATE product_footprint SET product_id = 42 WHERE id = 42;
UPDATE product_footprint SET product_id = 43 WHERE id = 43;
UPDATE product_footprint SET product_id = 44 WHERE id = 44;
UPDATE product_footprint SET product_id = 45 WHERE id = 45;
UPDATE product_footprint SET product_id = 46 WHERE id = 46;
UPDATE product_footprint SET product_id = 47 WHERE id = 47;
UPDATE product_footprint SET product_id = 48 WHERE id = 48;
UPDATE product_footprint SET product_id = 49 WHERE id = 49;
UPDATE product_footprint SET product_id = 50 WHERE id = 50;
UPDATE product_footprint SET product_id = 51 WHERE id = 51;
UPDATE product_footprint SET product_id = 52 WHERE id = 52;
UPDATE product_footprint SET product_id = 53 WHERE id = 53;
UPDATE product_footprint SET product_id = 54 WHERE id = 54;
UPDATE product_footprint SET product_id = 55 WHERE id = 55;
UPDATE product_footprint SET product_id = 56 WHERE id = 56;
UPDATE product_footprint SET product_id = 57 WHERE id = 57;
UPDATE product_footprint SET product_id = 58 WHERE id = 58;
UPDATE product_footprint SET product_id = 59 WHERE id = 59;
UPDATE product_footprint SET product_id = 60 WHERE id = 60;
UPDATE product_footprint SET product_id = 61 WHERE id = 61;
UPDATE product_footprint SET product_id = 62 WHERE id = 62;
UPDATE product_footprint SET product_id = 63 WHERE id = 63;
UPDATE product_footprint SET product_id = 64 WHERE id = 64;
UPDATE product_footprint SET product_id = 65 WHERE id = 65;
UPDATE product_footprint SET product_id = 66 WHERE id = 66;
UPDATE product_footprint SET product_id = 67 WHERE id = 67;
UPDATE product_footprint SET product_id = 68 WHERE id = 68;
UPDATE product_footprint SET product_id = 69 WHERE id = 69;
UPDATE product_footprint SET product_id = 70 WHERE id = 70;
UPDATE product_footprint SET product_id = 71 WHERE id = 71;
UPDATE product_footprint SET product_id = 72 WHERE id = 72;
UPDATE product_footprint SET product_id = 73 WHERE id = 73;
UPDATE product_footprint SET product_id = 74 WHERE id = 74;
UPDATE product_footprint SET product_id = 75 WHERE id = 75;
UPDATE product_footprint SET product_id = 76 WHERE id = 76;
UPDATE product_footprint SET product_id = 77 WHERE id = 77;
UPDATE product_footprint SET product_id = 78 WHERE id = 78;
UPDATE product_footprint SET product_id = 79 WHERE id = 79;
UPDATE product_footprint SET product_id = 80 WHERE id = 80;
UPDATE product_footprint SET product_id = 81 WHERE id = 81;
UPDATE product_footprint SET product_id = 82 WHERE id = 82;
UPDATE product_footprint SET product_id = 83 WHERE id = 83;
UPDATE product_footprint SET product_id = 84 WHERE id = 84;
UPDATE product_footprint SET product_id = 85 WHERE id = 85;
UPDATE product_footprint SET product_id = 86 WHERE id = 86;
UPDATE product_footprint SET product_id = 87 WHERE id = 87;
UPDATE product_footprint SET product_id = 88 WHERE id = 88;
UPDATE product_footprint SET product_id = 89 WHERE id = 89;
UPDATE product_footprint SET product_id = 90 WHERE id = 90;
UPDATE product_footprint SET product_id = 91 WHERE id = 91;
UPDATE product_footprint SET product_id = 92 WHERE id = 92;
UPDATE product_footprint SET product_id = 93 WHERE id = 93;
UPDATE product_footprint SET product_id = 94 WHERE id = 94;
UPDATE product_footprint SET product_id = 95 WHERE id = 95;
UPDATE product_footprint SET product_id = 96 WHERE id = 96;
UPDATE product_footprint SET product_id = 97 WHERE id = 97;
UPDATE product_footprint SET product_id = 98 WHERE id = 98;
UPDATE product_footprint SET product_id = 99 WHERE id = 99;
UPDATE product_footprint SET product_id = 100 WHERE id = 100;

UPDATE point SET product_footprint_id = 1 WHERE id = 1;
UPDATE point SET product_footprint_id = 2 WHERE id = 2;
UPDATE point SET product_footprint_id = 3 WHERE id = 3;
UPDATE point SET product_footprint_id = 4 WHERE id = 4;
UPDATE point SET product_footprint_id = 5 WHERE id = 5;
UPDATE point SET product_footprint_id = 6 WHERE id = 6;
UPDATE point SET product_footprint_id = 7 WHERE id = 7;
UPDATE point SET product_footprint_id = 8 WHERE id = 8;
UPDATE point SET product_footprint_id = 9 WHERE id = 9;
UPDATE point SET product_footprint_id = 10 WHERE id = 10;
UPDATE point SET product_footprint_id = 11 WHERE id = 11;
UPDATE point SET product_footprint_id = 12 WHERE id = 12;
UPDATE point SET product_footprint_id = 13 WHERE id = 13;
UPDATE point SET product_footprint_id = 14 WHERE id = 14;
UPDATE point SET product_footprint_id = 15 WHERE id = 15;
UPDATE point SET product_footprint_id = 16 WHERE id = 16;
UPDATE point SET product_footprint_id = 17 WHERE id = 17;
UPDATE point SET product_footprint_id = 18 WHERE id = 18;
UPDATE point SET product_footprint_id = 19 WHERE id = 19;
UPDATE point SET product_footprint_id = 20 WHERE id = 20;
UPDATE point SET product_footprint_id = 21 WHERE id = 21;
UPDATE point SET product_footprint_id = 22 WHERE id = 22;
UPDATE point SET product_footprint_id = 23 WHERE id = 23;
UPDATE point SET product_footprint_id = 24 WHERE id = 24;
UPDATE point SET product_footprint_id = 25 WHERE id = 25;
UPDATE point SET product_footprint_id = 26 WHERE id = 26;
UPDATE point SET product_footprint_id = 27 WHERE id = 27;
UPDATE point SET product_footprint_id = 28 WHERE id = 28;
UPDATE point SET product_footprint_id = 29 WHERE id = 29;
UPDATE point SET product_footprint_id = 30 WHERE id = 30;
UPDATE point SET product_footprint_id = 31 WHERE id = 31;
UPDATE point SET product_footprint_id = 32 WHERE id = 32;
UPDATE point SET product_footprint_id = 33 WHERE id = 33;
UPDATE point SET product_footprint_id = 34 WHERE id = 34;
UPDATE point SET product_footprint_id = 35 WHERE id = 35;
UPDATE point SET product_footprint_id = 36 WHERE id = 36;
UPDATE point SET product_footprint_id = 37 WHERE id = 37;
UPDATE point SET product_footprint_id = 38 WHERE id = 38;
UPDATE point SET product_footprint_id = 39 WHERE id = 39;
UPDATE point SET product_footprint_id = 40 WHERE id = 40;
UPDATE point SET product_footprint_id = 41 WHERE id = 41;
UPDATE point SET product_footprint_id = 42 WHERE id = 42;
UPDATE point SET product_footprint_id = 43 WHERE id = 43;
UPDATE point SET product_footprint_id = 44 WHERE id = 44;
UPDATE point SET product_footprint_id = 45 WHERE id = 45;
UPDATE point SET product_footprint_id = 46 WHERE id = 46;
UPDATE point SET product_footprint_id = 47 WHERE id = 47;
UPDATE point SET product_footprint_id = 48 WHERE id = 48;
UPDATE point SET product_footprint_id = 49 WHERE id = 49;
UPDATE point SET product_footprint_id = 50 WHERE id = 50;
UPDATE point SET product_footprint_id = 51 WHERE id = 51;
UPDATE point SET product_footprint_id = 52 WHERE id = 52;
UPDATE point SET product_footprint_id = 53 WHERE id = 53;
UPDATE point SET product_footprint_id = 54 WHERE id = 54;
UPDATE point SET product_footprint_id = 55 WHERE id = 55;
UPDATE point SET product_footprint_id = 56 WHERE id = 56;
UPDATE point SET product_footprint_id = 57 WHERE id = 57;
UPDATE point SET product_footprint_id = 58 WHERE id = 58;
UPDATE point SET product_footprint_id = 59 WHERE id = 59;
UPDATE point SET product_footprint_id = 60 WHERE id = 60;
UPDATE point SET product_footprint_id = 61 WHERE id = 61;
UPDATE point SET product_footprint_id = 62 WHERE id = 62;
UPDATE point SET product_footprint_id = 63 WHERE id = 63;
UPDATE point SET product_footprint_id = 64 WHERE id = 64;
UPDATE point SET product_footprint_id = 65 WHERE id = 65;
UPDATE point SET product_footprint_id = 66 WHERE id = 66;
UPDATE point SET product_footprint_id = 67 WHERE id = 67;
UPDATE point SET product_footprint_id = 68 WHERE id = 68;
UPDATE point SET product_footprint_id = 69 WHERE id = 69;
UPDATE point SET product_footprint_id = 70 WHERE id = 70;
UPDATE point SET product_footprint_id = 71 WHERE id = 71;
UPDATE point SET product_footprint_id = 72 WHERE id = 72;
UPDATE point SET product_footprint_id = 73 WHERE id = 73;
UPDATE point SET product_footprint_id = 74 WHERE id = 74;
UPDATE point SET product_footprint_id = 75 WHERE id = 75;
UPDATE point SET product_footprint_id = 76 WHERE id = 76;
UPDATE point SET product_footprint_id = 77 WHERE id = 77;
UPDATE point SET product_footprint_id = 78 WHERE id = 78;
UPDATE point SET product_footprint_id = 79 WHERE id = 79;
UPDATE point SET product_footprint_id = 80 WHERE id = 80;
UPDATE point SET product_footprint_id = 81 WHERE id = 81;
UPDATE point SET product_footprint_id = 82 WHERE id = 82;
UPDATE point SET product_footprint_id = 83 WHERE id = 83;
UPDATE point SET product_footprint_id = 84 WHERE id = 84;
UPDATE point SET product_footprint_id = 85 WHERE id = 85;
UPDATE point SET product_footprint_id = 86 WHERE id = 86;
UPDATE point SET product_footprint_id = 87 WHERE id = 87;
UPDATE point SET product_footprint_id = 88 WHERE id = 88;
UPDATE point SET product_footprint_id = 89 WHERE id = 89;
UPDATE point SET product_footprint_id = 90 WHERE id = 90;
UPDATE point SET product_footprint_id = 91 WHERE id = 91;
UPDATE point SET product_footprint_id = 92 WHERE id = 92;
UPDATE point SET product_footprint_id = 93 WHERE id = 93;
UPDATE point SET product_footprint_id = 94 WHERE id = 94;
UPDATE point SET product_footprint_id = 95 WHERE id = 95;
UPDATE point SET product_footprint_id = 96 WHERE id = 96;
UPDATE point SET product_footprint_id = 97 WHERE id = 97;
UPDATE point SET product_footprint_id = 98 WHERE id = 98;
UPDATE point SET product_footprint_id = 99 WHERE id = 99;
UPDATE point SET product_footprint_id = 100 WHERE id  = 100;
UPDATE point SET product_footprint_id = 1 WHERE id  = 101;
UPDATE point SET product_footprint_id = 2 WHERE id  = 102;
UPDATE point SET product_footprint_id = 3 WHERE id  = 103;
UPDATE point SET product_footprint_id = 4 WHERE id  = 104;
UPDATE point SET product_footprint_id = 5 WHERE id  = 105;
UPDATE point SET product_footprint_id = 6 WHERE id  = 106;
UPDATE point SET product_footprint_id = 7 WHERE id  = 107;
UPDATE point SET product_footprint_id = 8 WHERE id  = 108;
UPDATE point SET product_footprint_id = 9 WHERE id  = 109;
UPDATE point SET product_footprint_id = 10 WHERE id  = 110;
UPDATE point SET product_footprint_id = 11 WHERE id  = 111;
UPDATE point SET product_footprint_id = 12 WHERE id  = 112;
UPDATE point SET product_footprint_id = 13 WHERE id  = 113;
UPDATE point SET product_footprint_id = 14 WHERE id  = 114;
UPDATE point SET product_footprint_id = 15 WHERE id  = 115;
UPDATE point SET product_footprint_id = 16 WHERE id  = 116;
UPDATE point SET product_footprint_id = 17 WHERE id  = 117;
UPDATE point SET product_footprint_id = 18 WHERE id  = 118;
UPDATE point SET product_footprint_id = 19 WHERE id  = 119;
UPDATE point SET product_footprint_id = 20 WHERE id  = 120;
UPDATE point SET product_footprint_id = 21 WHERE id  = 121;
UPDATE point SET product_footprint_id = 22 WHERE id  = 122;
UPDATE point SET product_footprint_id = 23 WHERE id  = 123;
UPDATE point SET product_footprint_id = 24 WHERE id  = 124;
UPDATE point SET product_footprint_id = 25 WHERE id  = 125;
UPDATE point SET product_footprint_id = 26 WHERE id  = 126;
UPDATE point SET product_footprint_id = 27 WHERE id  = 127;
UPDATE point SET product_footprint_id = 28 WHERE id  = 128;
UPDATE point SET product_footprint_id = 29 WHERE id  = 129;
UPDATE point SET product_footprint_id = 30 WHERE id  = 130;
UPDATE point SET product_footprint_id = 31 WHERE id  = 131;
UPDATE point SET product_footprint_id = 32 WHERE id  = 132;
UPDATE point SET product_footprint_id = 33 WHERE id  = 133;
UPDATE point SET product_footprint_id = 34 WHERE id  = 134;
UPDATE point SET product_footprint_id = 35 WHERE id  = 135;
UPDATE point SET product_footprint_id = 36 WHERE id  = 136;
UPDATE point SET product_footprint_id = 37 WHERE id  = 137;
UPDATE point SET product_footprint_id = 38 WHERE id  = 138;
UPDATE point SET product_footprint_id = 39 WHERE id  = 139;
UPDATE point SET product_footprint_id = 40 WHERE id  = 140;
UPDATE point SET product_footprint_id = 41 WHERE id  = 141;
UPDATE point SET product_footprint_id = 42 WHERE id  = 142;
UPDATE point SET product_footprint_id = 43 WHERE id  = 143;
UPDATE point SET product_footprint_id = 44 WHERE id  = 144;
UPDATE point SET product_footprint_id = 45 WHERE id  = 145;
UPDATE point SET product_footprint_id = 46 WHERE id  = 146;
UPDATE point SET product_footprint_id = 47 WHERE id  = 147;
UPDATE point SET product_footprint_id = 48 WHERE id  = 148;
UPDATE point SET product_footprint_id = 49 WHERE id  = 149;
UPDATE point SET product_footprint_id = 50 WHERE id  = 150;
UPDATE point SET product_footprint_id = 51 WHERE id  = 151;
UPDATE point SET product_footprint_id = 52 WHERE id  = 152;
UPDATE point SET product_footprint_id = 53 WHERE id  = 153;
UPDATE point SET product_footprint_id = 54 WHERE id  = 154;
UPDATE point SET product_footprint_id = 55 WHERE id  = 155;
UPDATE point SET product_footprint_id = 56 WHERE id  = 156;
UPDATE point SET product_footprint_id = 57 WHERE id  = 157;
UPDATE point SET product_footprint_id = 58 WHERE id  = 158;
UPDATE point SET product_footprint_id = 59 WHERE id  = 159;
UPDATE point SET product_footprint_id = 60 WHERE id  = 160;
UPDATE point SET product_footprint_id = 61 WHERE id  = 161;
UPDATE point SET product_footprint_id = 62 WHERE id  = 162;
UPDATE point SET product_footprint_id = 63 WHERE id  = 163;
UPDATE point SET product_footprint_id = 64 WHERE id  = 164;
UPDATE point SET product_footprint_id = 65 WHERE id  = 165;
UPDATE point SET product_footprint_id = 66 WHERE id  = 166;
UPDATE point SET product_footprint_id = 67 WHERE id  = 167;
UPDATE point SET product_footprint_id = 68 WHERE id  = 168;
UPDATE point SET product_footprint_id = 69 WHERE id  = 169;
UPDATE point SET product_footprint_id = 70 WHERE id  = 170;
UPDATE point SET product_footprint_id = 71 WHERE id  = 171;
UPDATE point SET product_footprint_id = 72 WHERE id  = 172;
UPDATE point SET product_footprint_id = 73 WHERE id  = 173;
UPDATE point SET product_footprint_id = 74 WHERE id  = 174;
UPDATE point SET product_footprint_id = 75 WHERE id  = 175;
UPDATE point SET product_footprint_id = 76 WHERE id  = 176;
UPDATE point SET product_footprint_id = 77 WHERE id  = 177;
UPDATE point SET product_footprint_id = 78 WHERE id  = 178;
UPDATE point SET product_footprint_id = 79 WHERE id  = 179;
UPDATE point SET product_footprint_id = 80 WHERE id  = 180;
UPDATE point SET product_footprint_id = 81 WHERE id  = 181;
UPDATE point SET product_footprint_id = 82 WHERE id  = 182;
UPDATE point SET product_footprint_id = 83 WHERE id  = 183;
UPDATE point SET product_footprint_id = 84 WHERE id  = 184;
UPDATE point SET product_footprint_id = 85 WHERE id  = 185;
UPDATE point SET product_footprint_id = 86 WHERE id  = 186;
UPDATE point SET product_footprint_id = 87 WHERE id  = 187;
UPDATE point SET product_footprint_id = 88 WHERE id  = 188;
UPDATE point SET product_footprint_id = 89 WHERE id  = 189;
UPDATE point SET product_footprint_id = 90 WHERE id  = 190;
UPDATE point SET product_footprint_id = 91 WHERE id  = 191;
UPDATE point SET product_footprint_id = 92 WHERE id  = 192;
UPDATE point SET product_footprint_id = 93 WHERE id  = 193;
UPDATE point SET product_footprint_id = 94 WHERE id  = 194;
UPDATE point SET product_footprint_id = 95 WHERE id  = 195;
UPDATE point SET product_footprint_id = 96 WHERE id  = 196;
UPDATE point SET product_footprint_id = 97 WHERE id  = 197;
UPDATE point SET product_footprint_id = 98 WHERE id  = 198;
UPDATE point SET product_footprint_id = 99 WHERE id  = 199;
UPDATE point SET product_footprint_id = 100 WHERE id = 200;
UPDATE point SET product_footprint_id = 1 WHERE id = 201;
UPDATE point SET product_footprint_id = 2 WHERE id = 202;
UPDATE point SET product_footprint_id = 3 WHERE id = 203;
UPDATE point SET product_footprint_id = 4 WHERE id = 204;
UPDATE point SET product_footprint_id = 5 WHERE id = 205;
UPDATE point SET product_footprint_id = 6 WHERE id = 206;
UPDATE point SET product_footprint_id = 7 WHERE id = 207;
UPDATE point SET product_footprint_id = 8 WHERE id = 208;
UPDATE point SET product_footprint_id = 9 WHERE id = 209;
UPDATE point SET product_footprint_id = 10 WHERE id = 210;
UPDATE point SET product_footprint_id = 11 WHERE id = 211;
UPDATE point SET product_footprint_id = 12 WHERE id = 212;
UPDATE point SET product_footprint_id = 13 WHERE id = 213;
UPDATE point SET product_footprint_id = 14 WHERE id = 214;
UPDATE point SET product_footprint_id = 15 WHERE id = 215;
UPDATE point SET product_footprint_id = 16 WHERE id = 216;
UPDATE point SET product_footprint_id = 17 WHERE id = 217;
UPDATE point SET product_footprint_id = 18 WHERE id = 218;
UPDATE point SET product_footprint_id = 19 WHERE id = 219;
UPDATE point SET product_footprint_id = 20 WHERE id = 220;
UPDATE point SET product_footprint_id = 21 WHERE id = 221;
UPDATE point SET product_footprint_id = 22 WHERE id = 222;
UPDATE point SET product_footprint_id = 23 WHERE id = 223;
UPDATE point SET product_footprint_id = 24 WHERE id = 224;
UPDATE point SET product_footprint_id = 25 WHERE id = 225;
UPDATE point SET product_footprint_id = 26 WHERE id = 226;
UPDATE point SET product_footprint_id = 27 WHERE id = 227;
UPDATE point SET product_footprint_id = 28 WHERE id = 228;
UPDATE point SET product_footprint_id = 29 WHERE id = 229;
UPDATE point SET product_footprint_id = 30 WHERE id = 230;
UPDATE point SET product_footprint_id = 31 WHERE id = 231;
UPDATE point SET product_footprint_id = 32 WHERE id = 232;
UPDATE point SET product_footprint_id = 33 WHERE id = 233;
UPDATE point SET product_footprint_id = 34 WHERE id = 234;
UPDATE point SET product_footprint_id = 35 WHERE id = 235;
UPDATE point SET product_footprint_id = 36 WHERE id = 236;
UPDATE point SET product_footprint_id = 37 WHERE id = 237;
UPDATE point SET product_footprint_id = 38 WHERE id = 238;
UPDATE point SET product_footprint_id = 39 WHERE id = 239;
UPDATE point SET product_footprint_id = 40 WHERE id = 240;
UPDATE point SET product_footprint_id = 41 WHERE id = 241;
UPDATE point SET product_footprint_id = 42 WHERE id = 242;
UPDATE point SET product_footprint_id = 43 WHERE id = 243;
UPDATE point SET product_footprint_id = 44 WHERE id = 244;
UPDATE point SET product_footprint_id = 45 WHERE id = 245;
UPDATE point SET product_footprint_id = 46 WHERE id = 246;
UPDATE point SET product_footprint_id = 47 WHERE id = 247;
UPDATE point SET product_footprint_id = 48 WHERE id = 248;
UPDATE point SET product_footprint_id = 49 WHERE id = 249;
UPDATE point SET product_footprint_id = 50 WHERE id = 250;
UPDATE point SET product_footprint_id = 51 WHERE id = 251;
UPDATE point SET product_footprint_id = 52 WHERE id = 252;
UPDATE point SET product_footprint_id = 53 WHERE id = 253;
UPDATE point SET product_footprint_id = 54 WHERE id = 254;
UPDATE point SET product_footprint_id = 55 WHERE id = 255;
UPDATE point SET product_footprint_id = 56 WHERE id = 256;
UPDATE point SET product_footprint_id = 57 WHERE id = 257;
UPDATE point SET product_footprint_id = 58 WHERE id = 258;
UPDATE point SET product_footprint_id = 59 WHERE id = 259;
UPDATE point SET product_footprint_id = 60 WHERE id = 260;
UPDATE point SET product_footprint_id = 61 WHERE id = 261;
UPDATE point SET product_footprint_id = 62 WHERE id = 262;
UPDATE point SET product_footprint_id = 63 WHERE id = 263;
UPDATE point SET product_footprint_id = 64 WHERE id = 264;
UPDATE point SET product_footprint_id = 65 WHERE id = 265;
UPDATE point SET product_footprint_id = 66 WHERE id = 266;
UPDATE point SET product_footprint_id = 67 WHERE id = 267;
UPDATE point SET product_footprint_id = 68 WHERE id = 268;
UPDATE point SET product_footprint_id = 69 WHERE id = 269;
UPDATE point SET product_footprint_id = 70 WHERE id = 270;
UPDATE point SET product_footprint_id = 71 WHERE id = 271;
UPDATE point SET product_footprint_id = 72 WHERE id = 272;
UPDATE point SET product_footprint_id = 73 WHERE id = 273;
UPDATE point SET product_footprint_id = 74 WHERE id = 274;
UPDATE point SET product_footprint_id = 75 WHERE id = 275;
UPDATE point SET product_footprint_id = 76 WHERE id = 276;
UPDATE point SET product_footprint_id = 77 WHERE id = 277;
UPDATE point SET product_footprint_id = 78 WHERE id = 278;
UPDATE point SET product_footprint_id = 79 WHERE id = 279;
UPDATE point SET product_footprint_id = 80 WHERE id = 280;
UPDATE point SET product_footprint_id = 81 WHERE id = 281;
UPDATE point SET product_footprint_id = 82 WHERE id = 282;
UPDATE point SET product_footprint_id = 83 WHERE id = 283;
UPDATE point SET product_footprint_id = 84 WHERE id = 284;
UPDATE point SET product_footprint_id = 85 WHERE id = 285;
UPDATE point SET product_footprint_id = 86 WHERE id = 286;
UPDATE point SET product_footprint_id = 87 WHERE id = 287;
UPDATE point SET product_footprint_id = 88 WHERE id = 288;
UPDATE point SET product_footprint_id = 89 WHERE id = 289;
UPDATE point SET product_footprint_id = 90 WHERE id = 290;
UPDATE point SET product_footprint_id = 91 WHERE id = 291;
UPDATE point SET product_footprint_id = 92 WHERE id = 292;
UPDATE point SET product_footprint_id = 93 WHERE id = 293;
UPDATE point SET product_footprint_id = 94 WHERE id = 294;
UPDATE point SET product_footprint_id = 95 WHERE id = 295;
UPDATE point SET product_footprint_id = 96 WHERE id = 296;
UPDATE point SET product_footprint_id = 97 WHERE id = 297;
UPDATE point SET product_footprint_id = 98 WHERE id = 298;
UPDATE point SET product_footprint_id = 99 WHERE id = 299;
UPDATE point SET product_footprint_id = 100 WHERE id = 300;
UPDATE point SET product_footprint_id = 1 WHERE id = 301;
UPDATE point SET product_footprint_id = 2 WHERE id = 302;
UPDATE point SET product_footprint_id = 3 WHERE id = 303;
UPDATE point SET product_footprint_id = 4 WHERE id = 304;
UPDATE point SET product_footprint_id = 5 WHERE id = 305;
UPDATE point SET product_footprint_id = 6 WHERE id = 306;
UPDATE point SET product_footprint_id = 7 WHERE id = 307;
UPDATE point SET product_footprint_id = 8 WHERE id = 308;
UPDATE point SET product_footprint_id = 9 WHERE id = 309;
UPDATE point SET product_footprint_id = 10 WHERE id = 310;
UPDATE point SET product_footprint_id = 11 WHERE id = 311;
UPDATE point SET product_footprint_id = 12 WHERE id = 312;
UPDATE point SET product_footprint_id = 13 WHERE id = 313;
UPDATE point SET product_footprint_id = 14 WHERE id = 314;
UPDATE point SET product_footprint_id = 15 WHERE id = 315;
UPDATE point SET product_footprint_id = 16 WHERE id = 316;
UPDATE point SET product_footprint_id = 17 WHERE id = 317;
UPDATE point SET product_footprint_id = 18 WHERE id = 318;
UPDATE point SET product_footprint_id = 19 WHERE id = 319;
UPDATE point SET product_footprint_id = 20 WHERE id = 320;
UPDATE point SET product_footprint_id = 21 WHERE id = 321;
UPDATE point SET product_footprint_id = 22 WHERE id = 322;
UPDATE point SET product_footprint_id = 23 WHERE id = 323;
UPDATE point SET product_footprint_id = 24 WHERE id = 324;
UPDATE point SET product_footprint_id = 25 WHERE id = 325;
UPDATE point SET product_footprint_id = 26 WHERE id = 326;
UPDATE point SET product_footprint_id = 27 WHERE id = 327;
UPDATE point SET product_footprint_id = 28 WHERE id = 328;
UPDATE point SET product_footprint_id = 29 WHERE id = 329;
UPDATE point SET product_footprint_id = 30 WHERE id = 330;
UPDATE point SET product_footprint_id = 31 WHERE id = 331;
UPDATE point SET product_footprint_id = 32 WHERE id = 332;
UPDATE point SET product_footprint_id = 33 WHERE id = 333;
UPDATE point SET product_footprint_id = 34 WHERE id = 334;
UPDATE point SET product_footprint_id = 35 WHERE id = 335;
UPDATE point SET product_footprint_id = 36 WHERE id = 336;
UPDATE point SET product_footprint_id = 37 WHERE id = 337;
UPDATE point SET product_footprint_id = 38 WHERE id = 338;
UPDATE point SET product_footprint_id = 39 WHERE id = 339;
UPDATE point SET product_footprint_id = 40 WHERE id = 340;
UPDATE point SET product_footprint_id = 41 WHERE id = 341;
UPDATE point SET product_footprint_id = 42 WHERE id = 342;
UPDATE point SET product_footprint_id = 43 WHERE id = 343;
UPDATE point SET product_footprint_id = 44 WHERE id = 344;
UPDATE point SET product_footprint_id = 45 WHERE id = 345;
UPDATE point SET product_footprint_id = 46 WHERE id = 346;
UPDATE point SET product_footprint_id = 47 WHERE id = 347;
UPDATE point SET product_footprint_id = 48 WHERE id = 348;
UPDATE point SET product_footprint_id = 49 WHERE id = 349;
UPDATE point SET product_footprint_id = 50 WHERE id = 350;
UPDATE point SET product_footprint_id = 51 WHERE id = 351;
UPDATE point SET product_footprint_id = 52 WHERE id = 352;
UPDATE point SET product_footprint_id = 53 WHERE id = 353;
UPDATE point SET product_footprint_id = 54 WHERE id = 354;
UPDATE point SET product_footprint_id = 55 WHERE id = 355;
UPDATE point SET product_footprint_id = 56 WHERE id = 356;
UPDATE point SET product_footprint_id = 57 WHERE id = 357;
UPDATE point SET product_footprint_id = 58 WHERE id = 358;
UPDATE point SET product_footprint_id = 59 WHERE id = 359;
UPDATE point SET product_footprint_id = 60 WHERE id = 360;
UPDATE point SET product_footprint_id = 61 WHERE id = 361;
UPDATE point SET product_footprint_id = 62 WHERE id = 362;
UPDATE point SET product_footprint_id = 63 WHERE id = 363;
UPDATE point SET product_footprint_id = 64 WHERE id = 364;
UPDATE point SET product_footprint_id = 65 WHERE id = 365;
UPDATE point SET product_footprint_id = 66 WHERE id = 366;
UPDATE point SET product_footprint_id = 67 WHERE id = 367;
UPDATE point SET product_footprint_id = 68 WHERE id = 368;
UPDATE point SET product_footprint_id = 69 WHERE id = 369;
UPDATE point SET product_footprint_id = 70 WHERE id = 370;
UPDATE point SET product_footprint_id = 71 WHERE id = 371;
UPDATE point SET product_footprint_id = 72 WHERE id = 372;
UPDATE point SET product_footprint_id = 73 WHERE id = 373;
UPDATE point SET product_footprint_id = 74 WHERE id = 374;
UPDATE point SET product_footprint_id = 75 WHERE id = 375;
UPDATE point SET product_footprint_id = 76 WHERE id = 376;
UPDATE point SET product_footprint_id = 77 WHERE id = 377;
UPDATE point SET product_footprint_id = 78 WHERE id = 378;
UPDATE point SET product_footprint_id = 79 WHERE id = 379;
UPDATE point SET product_footprint_id = 80 WHERE id = 380;
UPDATE point SET product_footprint_id = 81 WHERE id = 381;
UPDATE point SET product_footprint_id = 82 WHERE id = 382;
UPDATE point SET product_footprint_id = 83 WHERE id = 383;
UPDATE point SET product_footprint_id = 84 WHERE id = 384;
UPDATE point SET product_footprint_id = 85 WHERE id = 385;
UPDATE point SET product_footprint_id = 86 WHERE id = 386;
UPDATE point SET product_footprint_id = 87 WHERE id = 387;
UPDATE point SET product_footprint_id = 88 WHERE id = 388;
UPDATE point SET product_footprint_id = 89 WHERE id = 389;
UPDATE point SET product_footprint_id = 90 WHERE id = 390;
UPDATE point SET product_footprint_id = 91 WHERE id = 391;
UPDATE point SET product_footprint_id = 92 WHERE id = 392;
UPDATE point SET product_footprint_id = 93 WHERE id = 393;
UPDATE point SET product_footprint_id = 94 WHERE id = 394;
UPDATE point SET product_footprint_id = 95 WHERE id = 395;
UPDATE point SET product_footprint_id = 96 WHERE id = 396;
UPDATE point SET product_footprint_id = 97 WHERE id = 397;
UPDATE point SET product_footprint_id = 98 WHERE id = 398;
UPDATE point SET product_footprint_id = 99 WHERE id = 399;
UPDATE point SET product_footprint_id = 100 WHERE id = 400;


